<?xml version="1.0" encoding="UTF-8" standalone="no"?>
<Session genome="hg19" hasGeneTrack="true" hasSequenceTrack="true" locus="All" path="./igv_session.xml" version="8">
    <Resources>
        <Resource path="./negative_significant_regions.bed"/>
        <Resource path="./positive_significant_regions.bed"/>
        <Resource path="./deconvolved_scores.bedgraph"/>
        <Resource path="./raw_scores.bedgraph"/>
        <Resource path="./statistical_power.bedgraph"/>
    </Resources>
    <Panel height="732" name="DataPanel" width="1901">
        <Track altColor="153,153,153" autoScale="true" clazz="org.broad.igv.track.DataSourceTrack" color="153,153,153" displayMode="COLLAPSED" featureVisibilityWindow="-1" fontSize="10" height="200" id="raw_scores.bedgraph" name="raw_scores.bedgraph" normalize="false" renderer="SCATTER_PLOT" sortable="true" visible="true" windowFunction="none">
            <DataRange baseline="0.0" drawBaseline="true" flipAxis="false" maximum="2.219401" minimum="-1.3032502" type="LINEAR"/>
        </Track>
        <Track altColor="0,0,178" autoScale="true" clazz="org.broad.igv.track.DataSourceTrack" color="255,153,51" displayMode="COLLAPSED" featureVisibilityWindow="-1" fontSize="10" height="50" id="statistical_power.bedgraph" name="statistical_power.bedgraph" normalize="false" renderer="BAR_CHART" sortable="true" visible="true" windowFunction="none">
            <DataRange baseline="0.0" drawBaseline="true" flipAxis="false" maximum="1.0" minimum="0.0" type="LINEAR"/>
        </Track>
        <Track altColor="0,0,178" autoScale="false" clazz="org.broad.igv.track.FeatureTrack" color="255,51,0" colorScale="ContinuousColorScale;0.0;9.0;255,255,255;0,0,178" displayMode="COLLAPSED" featureVisibilityWindow="-1" fontSize="10" id="positive_significant_regions.bed" name="positive_significant_regions.bed" renderer="BASIC_FEATURE" sortable="false" visible="true" windowFunction="count">
            <DataRange baseline="0.0" drawBaseline="true" flipAxis="false" maximum="9.0" minimum="0.0" type="LINEAR"/>
        </Track>
        <Track altColor="0,153,255" autoScale="true" clazz="org.broad.igv.track.DataSourceTrack" color="255,51,0" displayMode="COLLAPSED" featureVisibilityWindow="-1" fontSize="10" height="200" id="deconvolved_scores.bedgraph" name="deconvolved_scores.bedgraph" normalize="false" renderer="BAR_CHART" sortable="true" visible="true" windowFunction="none">
            <DataRange baseline="0.0" drawBaseline="true" flipAxis="false" maximum="0.09400127" minimum="-0.041020617" type="LINEAR"/>
        </Track>
        <Track altColor="0,0,178" autoScale="false" clazz="org.broad.igv.track.FeatureTrack" color="0,153,255" colorScale="ContinuousColorScale;0.0;1.0;255,255,255;0,0,178" displayMode="COLLAPSED" featureVisibilityWindow="-1" fontSize="10" id="negative_significant_regions.bed" name="negative_significant_regions.bed" renderer="BASIC_FEATURE" sortable="false" visible="true" windowFunction="count">
            <DataRange baseline="0.0" drawBaseline="true" flipAxis="false" maximum="1.0" minimum="0.0" type="LINEAR"/>
        </Track>
    </Panel>
    <Panel height="106" name="FeaturePanel" width="1901">
        <Track altColor="0,0,178" autoScale="false" color="0,0,178" displayMode="COLLAPSED" featureVisibilityWindow="-1" fontSize="10" id="Reference sequence" name="Reference sequence" sortable="false" visible="true"/>
        <Track altColor="0,0,178" autoScale="false" clazz="org.broad.igv.track.FeatureTrack" color="0,0,178" colorScale="ContinuousColorScale;0.0;423.0;255,255,255;0,0,178" displayMode="COLLAPSED" featureVisibilityWindow="-1" fontSize="10" height="35" id="hg19_genes" name="RefSeq Genes" renderer="BASIC_FEATURE" sortable="false" visible="true" windowFunction="count">
            <DataRange baseline="0.0" drawBaseline="true" flipAxis="false" maximum="423.0" minimum="0.0" type="LINEAR"/>
        </Track>
    </Panel>
    <PanelLayout dividerFractions="0.8686390532544379"/>
    <HiddenAttributes>
        <Attribute name="DATA FILE"/>
        <Attribute name="DATA TYPE"/>
        <Attribute name="NAME"/>
    </HiddenAttributes>
</Session>