Chr,Start,Stop,Perturbation_Index,sgRNA_Sequence,Strand,sgRNA_Type,Log2FC_Replicate1,Log2FC_Replicate2,Log2FC_Replicate3,Log2FC_Replicate4,Log2FC_Replicate5,Log2FC_Replicate6
chr2,60717499,60717519,60717502,AGCTCTGGAATGATGGCTTA,-,observation,-1.296884704,-0.018667495,-0.396207936,-0.104064147,-0.199078963,-0.27184945
chr2,60717506,60717526,60717509,ATTGTGGAGCTCTGGAATGA,-,observation,0.293089674,-1.245338404,0.23686667,0.011850413,0.03853169,-0.539109347
chr2,60717514,60717534,60717517,GGAGTTGGATTGTGGAGCTC,-,observation,-2.688207406,0.108500113,-0.150342584,-0.069993674,-0.351318073,-0.817245732
chr2,60717522,60717542,60717525,AGAAAATTGGAGTTGGATTG,-,observation,-0.49140296,-0.436771987,-0.090509139,0.139880463,-0.190561299,0.08373477
chr2,60717529,60717549,60717532,CTGGAATAGAAAATTGGAGT,-,observation,-1.05070588,-0.167160504,0.438566475,0.315415941,0.061069263,-1.010777666
chr2,60717535,60717555,60717538,CTAAGACTGGAATAGAAAAT,-,observation,-0.820238244,-0.613282394,-0.181004821,0.128722589,-0.049540355,-0.725223123
chr2,60717548,60717568,60717551,TGGGTACGGGGAACTAAGAC,-,observation,-1.099464786,-0.16395717,0.144409631,0.53755493,-0.521760881,0.242503244
chr2,60717551,60717571,60717568,TTAGTTCCCCGTACCCATCA,+,observation,0.245089405,-0.423587079,0.423983974,0.068884243,-0.126185084,0.094920573
chr2,60717601,60717621,60717604,GGAAGGAAATGAGAACGGAA,-,observation,-0.402398801,-0.079739013,1.124924944,-0.101537982,0.455099085,-1.108004452
chr2,60717602,60717622,60717605,AGGAAGGAAATGAGAACGGA,-,observation,-1.418769487,-0.504525692,-0.08060075,-0.079372865,0.000565982,0.19493801
chr2,60717606,60717626,60717609,AGCCAGGAAGGAAATGAGAA,-,observation,-1.175622649,-0.235954759,-0.421843561,0.471186928,0.033776768,-0.504678198
chr2,60717601,60717621,60717618,TTCCGTTCTCATTTCCTTCC,+,observation,-0.752086618,-1.407278158,0.112909654,-0.304375641,0.093254178,0.498903518
chr2,60717618,60717638,60717621,AAGAAGAAGAAAAGCCAGGA,-,observation,0.016622368,-0.930453529,0.016622368,0.090658183,-0.208592628,-1.059593616
chr2,60717622,60717642,60717625,AGAGAAGAAGAAGAAAAGCC,-,observation,-1.220372746,0.863300226,0.106192502,-0.312635272,-0.12399202,-1.43163809
chr2,60717629,60717649,60717646,CTTCTTCTTCTCTTACCTCC,+,observation,-0.277609138,-0.28132103,1.315677731,-0.182327662,-0.438198075,-0.14187843
chr2,60717647,60717667,60717650,AGTATGAGCAGGATTCCAGG,-,observation,0.895235627,-0.568930252,0.294125347,-0.208574274,0.469730929,-0.017864286
chr2,60717650,60717670,60717653,TGAAGTATGAGCAGGATTCC,-,observation,-0.026732827,-0.429250367,-0.083079681,-0.279557627,-0.032457898,-0.106446767
chr2,60717658,60717678,60717661,TGAGGCCTTGAAGTATGAGC,-,observation,-0.480729948,-0.494319586,-0.230424852,-0.034463011,0.232201149,0.390698489
chr2,60717650,60717670,60717667,GGAATCCTGCTCATACTTCA,+,observation,0.389586265,-0.9889213,-0.54438358,0.024877949,-0.052700352,-0.08103034
chr2,60717662,60717682,60717679,ATACTTCAAGGCCTCAATGA,+,observation,-0.269692925,-0.29548884,-0.630784979,-0.161109576,0.177975742,0.214894749
chr2,60717676,60717696,60717679,GACTAGGTAGACCTTCATTG,-,observation,-0.739390818,-1.292048779,0.012173176,0.082781849,-0.043081622,-0.165208043
chr2,60717692,60717712,60717695,TTCTTCTTGCTAAGGTGACT,-,observation,-0.392662772,-0.735446875,-0.021319963,0.364464162,-0.363960834,0.474116526
chr2,60717700,60717720,60717703,GAGATTGATTCTTCTTGCTA,-,observation,1.703213293,-0.551477377,-0.33942073,0.300701874,0.48110336,-0.33850315
chr2,60717725,60717745,60717728,GTGTTCTATGAGGTTGGAGA,-,observation,-0.042768119,-0.519267974,-0.30462918,-0.058005428,-0.018922436,-0.475391824
chr2,60717731,60717751,60717734,GGATGAGTGTTCTATGAGGT,-,observation,-0.36279385,-0.687867549,-0.04780845,-0.752425955,-0.061189705,0.225603357
chr2,60717735,60717755,60717738,CATGGGATGAGTGTTCTATG,-,observation,2.096315083,-0.926709203,0.338037181,-0.216838971,-0.426048705,0.242382189
chr2,60717752,60717772,60717755,TGAGTCAGGGAGTGGTGCAT,-,observation,-0.545100541,0.395101019,-0.612495721,-0.028952539,-0.058333152,0.21491108
chr2,60717753,60717773,60717756,ATGAGTCAGGGAGTGGTGCA,-,observation,0.226085609,-0.404429,-0.043719259,0.141506361,0.294914903,0.225815925
chr2,60717760,60717780,60717763,CCTAGATATGAGTCAGGGAG,-,observation,-0.053316314,0.767101115,-0.011063023,0.256654033,-0.409029106,0.27815437
chr2,60717765,60717785,60717768,TAAGGCCTAGATATGAGTCA,-,observation,0.458905437,1.121540792,-0.109196587,-0.267343849,-0.040002237,-0.130322086
chr2,60717766,60717786,60717769,GTAAGGCCTAGATATGAGTC,-,observation,-0.21047452,-0.636237767,-0.345082908,-0.17507211,-1.128690695,0.201352497
chr2,60717757,60717777,60717774,CCACTCCCTGACTCATATCT,+,observation,-1.423199789,0.888592766,-0.40739065,-0.527575635,0.173598952,0.096702511
chr2,60717783,60717803,60717786,GAGGGTTAACCAGCAATGTA,-,observation,0.367552227,0.267125787,-0.510313116,-0.452711387,-0.190445729,-0.099355996
chr2,60717771,60717791,60717788,ATATCTAGGCCTTACATTGC,+,observation,0.342756077,0.569557371,-0.433592472,-0.374393061,-0.378551767,1.019882423
chr2,60717801,60717821,60717804,AAATTAATTAGAGGCATAGA,-,observation,0.315789359,0.039878395,-0.382454139,-0.066247154,0.204956122,-0.772604442
chr2,60717802,60717822,60717805,GAAATTAATTAGAGGCATAG,-,observation,-0.024261993,2.193447448,-0.347388567,0.020412844,-0.207731803,-1.466941961
chr2,60717810,60717830,60717813,GAACACATGAAATTAATTAG,-,observation,-1.614625326,0.798507899,0.577013157,-0.127576642,0.455225523,-0.373570336
chr2,60717832,60717852,60717835,CTGTATTGAAGAAACTCATT,-,observation,-0.369581191,-0.063063357,-0.060878471,0.01650129,-0.27044519,-0.239070577
chr2,60717833,60717853,60717836,CCTGTATTGAAGAAACTCAT,-,observation,-0.309241528,-0.517002813,-0.383711526,0.237963219,-0.335463997,-0.692976205
chr2,60717830,60717850,60717847,CCAATGAGTTTCTTCAATAC,+,observation,0.364148556,-0.747848329,0.063155471,-0.322168099,-0.068621205,-0.234968736
chr2,60717831,60717851,60717848,CAATGAGTTTCTTCAATACA,+,observation,-0.039890947,0.284417398,-0.401714656,-0.421676618,0.033482722,-0.092523036
chr2,60717866,60717886,60717869,CAAATATAATAGAAGCAAGT,-,observation,0.149445994,-0.940829478,0.098492649,-0.162215202,-0.613757877,-0.492704938
chr2,60717895,60717915,60717898,TATCATGTCACATGCTGTGC,-,observation,-0.760649215,-0.391897751,0.249225445,0.003284661,0.074292821,0.342632303
chr2,60717907,60717927,60717924,ACATGATATTCATATATTCT,+,observation,0.101273332,-0.149037191,-0.047752088,-0.496199376,0.406288694,-0.113311949
chr2,60717953,60717973,60717970,GACTGATTTACCTTCCTAAA,+,observation,0.122814505,1.068533621,0.443259324,-0.283067158,0.056751583,-0.710065161
chr2,60717954,60717974,60717971,ACTGATTTACCTTCCTAAAA,+,observation,-0.514857801,-0.291987382,0.629978811,-0.078050536,0.836817596,-0.721003685
chr2,60717991,60718011,60718008,AATATCATTTCTGTTCAAAA,+,observation,-0.552113509,1.180336082,-0.04961334,-0.374158617,-0.282702214,-0.731599883
chr2,60718026,60718046,60718029,ACTGTTTGTGGGTGCTAAGA,-,observation,-0.672622273,-0.198500078,-0.483683308,-0.690164128,-0.852166987,-0.108941414
chr2,60718037,60718057,60718040,ATCAGAAGGGAACTGTTTGT,-,observation,0.477589326,-1.491256866,0.440110956,0.022366534,0.726688465,0.160110364
chr2,60718038,60718058,60718041,TATCAGAAGGGAACTGTTTG,-,observation,0.8605452,0.402134701,-0.03109505,-0.197306374,0.561823874,0.551057457
chr2,60718050,60718070,60718053,AGTTCAAGTAGATATCAGAA,-,observation,1.021729782,0.638052574,-1.046366227,0.847949756,0.643643493,-0.05544074
chr2,60718051,60718071,60718054,AAGTTCAAGTAGATATCAGA,-,observation,0.205530267,1.174879156,0.021047136,0.530054012,0.229089431,0.130887252
chr2,60718139,60718159,60718142,GGGTGGCTGTTTAAAGAGGG,-,observation,0.539926372,2.122024512,-0.432045738,0.234593147,0.9738376,-0.615590695
chr2,60718142,60718162,60718145,GTGGGGTGGCTGTTTAAAGA,-,observation,-0.727185659,-1.838341165,1.339797012,0.693831941,0.305381034,-0.875629813
chr2,60718143,60718163,60718146,TGTGGGGTGGCTGTTTAAAG,-,observation,0.972841225,0.734423302,0.659545943,0.106297915,0.372839601,0.276832757
chr2,60718156,60718176,60718159,CTCTTCTCCAGGGTGTGGGG,-,observation,-0.904152199,1.032760645,-0.271669628,0.6040831,0.81061453,0.136901886
chr2,60718159,60718179,60718162,TTGCTCTTCTCCAGGGTGTG,-,observation,0.902493056,0.728789433,-0.021574601,0.067365837,0.216460604,0.117630342
chr2,60718146,60718166,60718163,TAAACAGCCACCCCACACCC,+,observation,0.27371058,0.860471004,0.237117459,0.657942498,1.691304665,-0.676401462
chr2,60718160,60718180,60718163,TTTGCTCTTCTCCAGGGTGT,-,observation,-0.036910939,-0.288577997,0.654834905,0.283010767,0.87636936,0.504112119
chr2,60718161,60718181,60718164,ATTTGCTCTTCTCCAGGGTG,-,observation,0.692861709,1.427458715,0.132069866,0.283205035,0.200617408,0.247205659
chr2,60718166,60718186,60718169,TTCACATTTGCTCTTCTCCA,-,observation,0.340715549,-0.937425319,0.378311034,0.075033877,-0.265997691,-0.097650804
chr2,60718167,60718187,60718170,CTTCACATTTGCTCTTCTCC,-,observation,0.159092802,-0.113236696,0.656230936,-0.129606949,0.313278781,0.926240155
chr2,60718198,60718218,60718201,AACCTGGCGCACAGTCTGGT,-,observation,0.093295427,1.620008472,-0.526070021,0.160972142,-0.054646445,-0.059810134
chr2,60718202,60718222,60718205,TACCAACCTGGCGCACAGTC,-,observation,-0.561993446,-0.33082082,-0.536421117,0.324479692,-0.209246929,0.445789824
chr2,60718193,60718213,60718210,TGCCAACCAGACTGTGCGCC,+,observation,0.639754763,-0.874403577,0.249077935,0.104977774,0.114471912,0.158583072
chr2,60718197,60718217,60718214,AACCAGACTGTGCGCCAGGT,+,observation,1.262130929,-0.581556685,-0.142660849,0.162391479,-0.175139915,0.69618793
chr2,60718214,60718234,60718217,TCTGTCAGACTTTACCAACC,-,observation,1.082444054,-0.560236174,0.231827817,-0.822790032,-0.024756624,-0.01637173
chr2,60718273,60718293,60718276,AGTTGCACAACCACGTAGTT,-,observation,0.440256203,0.186117273,-0.033258189,-0.063325733,0.087261476,0.545335183
chr2,60718260,60718280,60718277,ATATGTGAAGCCCAACTACG,+,observation,-0.073205681,1.285567041,-0.468936839,0.047535377,-0.452927852,-0.059692262
chr2,60718274,60718294,60718277,GAGTTGCACAACCACGTAGT,-,observation,0.093902802,-0.614829201,0.275274087,-0.52135758,-1.037613425,0.696149004
chr2,60718293,60718313,60718310,CTATAGCTGACTTTCAACCA,+,observation,-1.003870822,1.569488412,0.644154717,-0.149292167,-0.092534559,-0.488032081
chr2,60718313,60718333,60718316,AACTTCTTTGCAGATGACCA,-,observation,0.357443955,-1.306630029,0.836217941,0.357443955,0.513134355,-0.520451203
chr2,60718344,60718364,60718347,TTGCATTGAGGATGCGCAGG,-,observation,-0.138496035,-0.564860468,-0.189870974,0.096320489,-0.024789203,0.437572312
chr2,60718401,60718421,60718418,TAAATGCAGCACTACTAAAA,+,observation,1.270735701,0.450655631,-0.226449188,-0.122059006,-0.522057486,-0.332541701
chr2,60718428,60718448,60718431,TGCCCTCTGGCATCAAAATG,-,observation,-0.169147786,-0.857780008,-0.509989128,0.142976823,-0.460845993,0.397888576
chr2,60718441,60718461,60718444,TGTCCATGTTTGCTGCCCTC,-,observation,-0.206738871,0.316495755,-0.523275177,0.304677728,-0.0825228,0.828239704
chr2,60718435,60718455,60718452,ATGCCAGAGGGCAGCAAACA,+,observation,-1.159305186,-0.285839656,-0.557390165,0.37293369,0.075679216,-0.026974824
chr2,60718445,60718465,60718462,GCAGCAAACATGGACACTTT,+,observation,-0.082913662,-0.933170939,-0.256133943,-0.062249595,-0.010718918,0.267669919
chr2,60718471,60718491,60718474,CTGTACTTAATAGCTGAAGG,-,observation,-0.922482517,-0.03801288,-0.608760077,-0.364546145,0.26464935,-0.383246766
chr2,60718472,60718492,60718475,ACTGTACTTAATAGCTGAAG,-,observation,0.077117002,-0.224417927,-0.358315754,-0.187678673,0.549022883,0.221044764
chr2,60718473,60718493,60718476,TACTGTACTTAATAGCTGAA,-,observation,-1.524865428,-0.94480595,1.439921756,-0.067534913,-0.261092617,-0.158609689
chr2,60718474,60718494,60718477,TTACTGTACTTAATAGCTGA,-,observation,0.310273991,0.294749898,0.41397443,0.392952985,-0.285552006,0.087647851
chr2,60718475,60718495,60718492,CAGCTATTAAGTACAGTAAA,+,observation,-0.021035561,-1.061412142,0.170414894,0.085649315,0.1622542,-0.751002328
chr2,60718505,60718525,60718508,GAGCATTTCAAATGATAGTT,-,observation,-0.397600736,-0.771153134,0.80372482,0.478206525,0.03726976,-0.535266116
chr2,60718506,60718526,60718523,ACTATCATTTGAAATGCTCC,+,observation,-0.557617643,0.619478758,0.020310753,-0.382608993,-0.107376378,-0.24915626
chr2,60718511,60718531,60718528,CATTTGAAATGCTCCCGGCC,+,observation,-0.606494027,0.590270779,-0.444818892,-0.033609014,0.104941128,-1.335666409
chr2,60718527,60718547,60718530,GTGAGCCACAGCGCCTGGCC,-,observation,0.088876527,0.125255114,0.580072656,0.232710627,-0.358864177,0.224487674
chr2,60718528,60718548,60718531,TGTGAGCCACAGCGCCTGGC,-,observation,0.491140018,-2.640827987,-0.667444515,0.491140018,0.513264316,0.517597244
chr2,60718519,60718539,60718536,ATGCTCCCGGCCAGGCGCTG,+,observation,0.024868841,0.063067581,-0.24591654,-0.23919921,-0.069700558,-0.679715057
chr2,60718597,60718617,60718614,TCAGGAGTTCAAGATCAGTT,+,observation,0.209124569,-0.670128348,-0.15998677,-0.455973854,0.114519514,-0.047303312
chr2,60718666,60718686,60718669,CAGGCATGTATTACCATGCC,-,observation,0.129225984,0.723423533,0.296482238,0.395030477,-0.09534809,0.352023556
chr2,60718732,60718752,60718735,CACTGCATCTTCTGCCTCCC,-,observation,1.939659888,4.465918205,-6.485636936,-0.164988787,-2.869043054,-0.164988787
chr2,60718761,60718781,60718778,CGCGCCATTGCATTCCAGCC,+,observation,-0.923786486,-0.740877303,-0.740877303,0.879902023,-0.820813045,-0.740877303
chr2,60718778,60718798,60718781,TTTACTCTTGTTGCCCGGGC,-,observation,-0.546311759,0.553294177,0.082846385,-0.357918135,-0.222541,-1.024365537
chr2,60718783,60718803,60718786,GGAGATTTACTCTTGTTGCC,-,observation,0.185954176,0.092995565,-0.149549128,0.235995359,-0.171862272,-0.700074013
chr2,60721417,60721437,60721434,TTTGGCTTCTCATCTGTGCA,+,observation,-0.31075749,-0.082604098,0.352973506,0.236496475,0.027411354,0.60306993
chr2,60721429,60721449,60721446,TCTGTGCATGGCCTCTAAAC,+,observation,-0.759391547,1.303655835,0.041113058,0.18291478,0.171441638,0.631984852
chr2,60721443,60721463,60721446,ATGGTCACTGCCCAGTTTAG,-,observation,-0.908528394,-0.234281658,-0.205176415,-0.120017152,-0.276396462,0.44499769
chr2,60721430,60721450,60721447,CTGTGCATGGCCTCTAAACT,+,observation,0.503909941,0.108176122,0.097187417,-0.403137968,-0.256057879,-0.196834899
chr2,60721442,60721462,60721459,TCTAAACTGGGCAGTGACCA,+,observation,1.259933924,0.978952867,-0.493507252,-0.478986686,-0.238478724,0.219173122
chr2,60721447,60721467,60721464,ACTGGGCAGTGACCATGGCC,+,observation,0.534836913,-0.030606351,-0.136114053,0.08922913,-0.524214893,0.385181966
chr2,60721462,60721482,60721465,GTGGGGAGGTGACCAGGCCA,-,observation,-0.332282368,0.117290799,-0.401280933,0.074400133,-0.061049197,-0.030860925
chr2,60721468,60721488,60721471,TCCAGAGTGGGGAGGTGACC,-,observation,0.224155072,-0.882736752,0.090231866,0.096260483,-0.138853955,-0.125205317
chr2,60721476,60721496,60721479,AACCCAGGTCCAGAGTGGGG,-,observation,-1.916995921,0.373360579,0.373360579,1.082080081,-0.743590358,-0.510875983
chr2,60721464,60721484,60721481,GCCTGGTCACCTCCCCACTC,+,observation,-1.628842926,0.435113018,0.275200111,0.14585055,0.075870787,-0.385169714
chr2,60721479,60721499,60721482,GGCAACCCAGGTCCAGAGTG,-,observation,-0.062336223,-0.398868793,-0.372568117,-0.324472194,0.305212373,-0.523590145
chr2,60721480,60721500,60721483,GGGCAACCCAGGTCCAGAGT,-,observation,0.787268102,0.022499494,-0.9317634,0.103647693,0.124608692,-0.382297212
chr2,60721481,60721501,60721484,GGGGCAACCCAGGTCCAGAG,-,observation,0.266689997,0.351830937,0.222827026,-0.047717823,-0.287429853,-0.692385624
chr2,60721470,60721490,60721487,TCACCTCCCCACTCTGGACC,+,observation,-0.165651301,0.099251621,0.474611331,-0.257636138,-0.213295041,0.293106279
chr2,60721471,60721491,60721488,CACCTCCCCACTCTGGACCT,+,observation,-0.095613008,0.053399729,0.082436956,0.377378707,0.107055877,-0.288855101
chr2,60721491,60721511,60721494,TGTTTACAGAGGGGCAACCC,-,observation,1.047758888,-1.220150402,0.997163916,-0.0284405,-0.012024191,0.448565164
chr2,60721500,60721520,60721503,CAACCTCCTTGTTTACAGAG,-,observation,-0.058028811,-0.437209201,0.482327539,0.016548673,0.291917486,-0.240218163
chr2,60721501,60721521,60721504,ACAACCTCCTTGTTTACAGA,-,observation,1.450852843,1.367080032,0.759161671,-0.279640176,0.197027165,0.322921974
chr2,60721502,60721522,60721505,TACAACCTCCTTGTTTACAG,-,observation,-1.0682815,-1.315839037,0.769733633,-0.578945645,-0.164314159,0.194754074
chr2,60721491,60721511,60721508,GGGTTGCCCCTCTGTAAACA,+,observation,-0.161251879,-0.441218785,-0.106805475,-0.358290712,-1.409071009,-0.768079132
chr2,60721494,60721514,60721511,TTGCCCCTCTGTAAACAAGG,+,observation,0.503691027,-0.485500566,0.55084038,-0.613935891,-0.240689076,0.293421775
chr2,60721536,60721556,60721539,TTTATAAGACATTAGGGTAT,-,observation,0.157239792,-1.596849279,0.297020076,-0.2004938,-0.555281023,0.183813768
chr2,60721542,60721562,60721545,ATAAGATTTATAAGACATTA,-,observation,0.983436058,-0.299395323,0.024252614,-0.08241702,-0.04028499,-1.211894715
chr2,60721543,60721563,60721546,CATAAGATTTATAAGACATT,-,observation,0.762427318,-0.511018898,0.106771691,0.228773371,-0.03202154,-0.689381177
chr2,60721575,60721595,60721578,CTCTCCCCATACTCCCATCT,-,observation,-0.615198162,-0.326216518,0.401626335,0.233106444,0.285266316,-0.100123614
chr2,60721568,60721588,60721585,TTTGCCAAGATGGGAGTATG,+,observation,-0.086477114,-0.367044912,0.483496518,-0.127111515,-0.086153687,0.546090112
chr2,60721580,60721600,60721597,GGAGTATGGGGAGAGAAGAG,+,observation,0.597669513,1.53401924,-0.154677476,0.365877104,-0.154677476,-0.169869377
chr2,60721586,60721606,60721603,TGGGGAGAGAAGAGTGGAAA,+,observation,-0.247975465,-0.43179332,0.240284369,0.504489124,0.375284539,0.387776056
chr2,60721612,60721632,60721615,ATCTCATCTCACTGAGCTCT,-,observation,-0.842878292,-1.309312988,-0.486595892,-0.15058804,0.054003311,0.466000301
chr2,60721613,60721633,60721616,TATCTCATCTCACTGAGCTC,-,observation,0.13137538,-0.027181245,0.381152001,-0.225304843,0.209475384,0.047560838
chr2,60721617,60721637,60721634,TCAGTGAGATGAGATATCAA,+,observation,0.102248616,-0.096916657,-0.177613183,-0.209049231,0.019640914,0.814365367
chr2,60721618,60721638,60721635,CAGTGAGATGAGATATCAAA,+,observation,0.786840544,0.406031266,-1.155679647,0.026122471,-0.689944271,-0.272165888
chr2,60721619,60721639,60721636,AGTGAGATGAGATATCAAAG,+,observation,-5.074611831,-0.081119289,0.579112177,-0.309858438,0.170730975,-0.304002531
chr2,60721661,60721681,60721664,CCAATTGGAGATTAGGGAGA,-,observation,0.450576318,1.398951345,0.472423128,-0.00910312,-0.246998769,-0.261384749
chr2,60721667,60721687,60721670,GCTTTGCCAATTGGAGATTA,-,observation,-0.740731182,1.200780929,0.574300885,0.139480283,0.007037392,-0.533161093
chr2,60721668,60721688,60721671,GGCTTTGCCAATTGGAGATT,-,observation,0.461272995,-1.17407548,1.053695571,-0.042888873,-0.168834788,-0.200063381
chr2,60721658,60721678,60721675,CCATCTCCCTAATCTCCAAT,+,observation,0.551468268,-0.556792134,0.55986466,0.044358125,-0.269274511,0.561003334
chr2,60721676,60721696,60721679,CCAAGTCTGGCTTTGCCAAT,-,observation,-0.653244035,-0.276386144,0.019872804,-0.087043049,-0.08748403,-0.370889192
chr2,60721673,60721693,60721690,CCAATTGGCAAAGCCAGACT,+,observation,-0.015517421,-0.340614448,1.25265624,0.232662681,-0.107113831,-0.215694901
chr2,60721674,60721694,60721691,CAATTGGCAAAGCCAGACTT,+,observation,0.714676304,0.426933145,-0.13719576,-0.106033074,0.109081168,-0.173741965
chr2,60721675,60721695,60721692,AATTGGCAAAGCCAGACTTG,+,observation,-0.557063875,1.326511016,-0.398569931,0.408306487,0.216719169,-0.126132188
chr2,60721689,60721709,60721692,AGTCTGTATTGCCCCAAGTC,-,observation,-0.933671819,2.264337368,0.372529215,-0.092129541,0.054320241,-0.386367166
chr2,60721688,60721708,60721705,AGACTTGGGGCAATACAGAC,+,observation,-2.32870525,-1.605459343,1.117616793,-0.387530755,-0.010439107,-0.505224349
chr2,60721734,60721754,60721737,TAAATCATTAGGAATGAGCT,-,observation,-0.666849309,-0.072964844,1.100456742,0.027584527,0.011182209,0.421404956
chr2,60721745,60721765,60721748,ACATTTGGTGATAAATCATT,-,observation,-0.249928503,0.291409879,-0.200086406,-0.02838171,0.301206842,0.383846532
chr2,60721760,60721780,60721763,CCAGCTGAAGAAAGAACATT,-,observation,0.433124967,0.782059827,0.302090097,0.082075386,0.439817814,0.059854129
chr2,60721757,60721777,60721774,CCAAATGTTCTTTCTTCAGC,+,observation,-1.295640438,-0.725672562,0.831218276,0.340715332,-0.462886939,-0.925459937
chr2,60721771,60721791,60721788,TTCAGCTGGAATTTAAAATA,+,observation,-0.063455467,-0.646075823,-0.157538592,-0.059438661,0.223630036,-0.546998119
chr2,60721789,60721809,60721806,TATGGACTCATCCGTAAAAT,+,observation,0.102878687,-1.241529326,-0.519257147,0.145337128,-0.379055102,0.255353723
chr2,60721815,60721835,60721832,AATAATAGTATATGCTTCAT,+,observation,-0.471503791,-2.000290924,-0.083808506,0.400579411,-0.020077098,-0.62272267
chr2,60721816,60721836,60721833,ATAATAGTATATGCTTCATA,+,observation,0.137333654,0.449672471,1.146376481,-0.410662143,-0.498518404,-0.494816601
chr2,60721880,60721900,60721883,CGGAGCACTTACTCTGCTCT,-,observation,0.466894958,-0.420132234,-0.12612886,-0.019802469,0.442953036,-0.360516328
chr2,60721906,60721926,60721923,TGAACTAAAATGCTGCCTCC,+,observation,0.556842229,1.455303966,-0.41355991,0.02114451,0.203250657,0.018391138
chr2,60721924,60721944,60721927,TGTAACTAATAAATACCAGG,-,observation,0.055426222,0.904159755,0.429517926,0.571885909,0.055426222,0.495066199
chr2,60721927,60721947,60721930,AGGTGTAACTAATAAATACC,-,observation,0.506893889,-2.556941358,-0.75251717,-0.647246538,-0.142623003,0.132470492
chr2,60721947,60721967,60721950,TGATAACTTTGTTTCTGCTG,-,observation,0.335662559,0.216569921,-0.039089248,0.178059004,0.877238724,0.076077751
chr2,60721946,60721966,60721963,TCAGCAGAAACAAAGTTATC,+,observation,0.350816318,-0.911205087,-0.330588002,0.430798953,-0.249026924,0.017222364
chr2,60721972,60721992,60721975,CAAACTAGGAATTGGGGAAA,-,observation,-0.028443935,-0.96284154,-0.3590577,-0.379644935,-0.028443935,0.115889682
chr2,60721973,60721993,60721976,CCAAACTAGGAATTGGGGAA,-,observation,-0.674121005,-0.221236172,-0.808350459,-0.200762834,-0.35606739,-0.714318062
chr2,60721978,60721998,60721981,CTGACCCAAACTAGGAATTG,-,observation,0.379049665,0.368603681,-0.071933547,-0.43413632,-0.095074021,-0.036784782
chr2,60721979,60721999,60721982,TCTGACCCAAACTAGGAATT,-,observation,-0.221994139,-0.543753445,0.849559654,0.142276989,0.542752335,-0.242282469
chr2,60721980,60722000,60721983,TTCTGACCCAAACTAGGAAT,-,observation,0.902682542,0.119589324,-0.319334748,0.085721186,0.12171462,0.202175393
chr2,60721970,60721990,60721987,CCTTTCCCCAATTCCTAGTT,+,observation,0.035866939,-1.042204175,-0.38015757,-0.30227697,-0.832133817,0.339585979
chr2,60721971,60721991,60721988,CTTTCCCCAATTCCTAGTTT,+,observation,0.363177958,0.147568545,-0.020131968,-0.022702777,0.025992982,0.070021199
chr2,60721984,60722004,60722001,CTAGTTTGGGTCAGAAGAAA,+,observation,-0.017925366,-2.512680182,-0.828730304,-0.043789905,0.156187687,-1.421224076
chr2,60721985,60722005,60722002,TAGTTTGGGTCAGAAGAAAA,+,observation,-0.813570043,1.002215588,-0.067764788,-0.188392369,0.152343288,-0.110647344
chr2,60721991,60722011,60722008,GGGTCAGAAGAAAAGGGAAA,+,observation,-0.689906309,-0.719118658,0.993716503,0.47258336,0.076926021,-0.600688815
chr2,60721992,60722012,60722009,GGTCAGAAGAAAAGGGAAAA,+,observation,-0.933182605,1.395687016,0.194677608,0.196047249,-0.062538951,-0.889846383
chr2,60721997,60722017,60722014,GAAGAAAAGGGAAAAGGGAG,+,observation,0.673153309,0.215761829,-0.746731843,-0.21118995,0.45620914,-1.469749892
chr2,60722004,60722024,60722021,AGGGAAAAGGGAGAGGAAAA,+,observation,0.361421467,0.568332515,1.279503973,0.515866953,0.411480231,-0.362838115
chr2,60722023,60722043,60722040,AAGGAAAAGAATATGATGTC,+,observation,1.254649832,-0.74389366,0.084573468,-0.25753848,-0.286317983,-0.356968667
chr2,60722024,60722044,60722041,AGGAAAAGAATATGATGTCA,+,observation,-1.800055839,0.375907055,0.082154846,-0.256191966,-0.486721699,-0.175002662
chr2,60722025,60722045,60722042,GGAAAAGAATATGATGTCAG,+,observation,-2.069170453,0.349961266,0.349616733,0.297725528,0.077370672,-0.429908137
chr2,60722026,60722046,60722043,GAAAAGAATATGATGTCAGG,+,observation,0.70753964,-0.722456666,-0.532980558,-0.274216988,-0.195807301,-0.835676568
chr2,60722029,60722049,60722046,AAGAATATGATGTCAGGGGG,+,observation,0.050779945,-0.439978354,-0.421873308,-0.037519529,-0.123095633,-0.346152006
chr2,60722041,60722061,60722058,TCAGGGGGAGGCAAGTCAGT,+,observation,1.072999055,0.524929691,0.532221341,-0.226950674,-0.179658226,0.346483999
chr2,60722042,60722062,60722059,CAGGGGGAGGCAAGTCAGTT,+,observation,-0.950847108,0.289201819,-0.027148353,0.17812773,-0.297630553,0.02209296
chr2,60722077,60722097,60722080,CAGGTACCAGCTACTGTGTT,-,observation,-0.272876635,-0.116038706,-1.190700334,-0.404048627,0.171767387,0.119438995
chr2,60722068,60722088,60722085,ACAGATCCTAACACAGTAGC,+,observation,0.113667929,0.113667929,0.319135618,-1.008367088,-0.20533499,0.113667929
chr2,60722079,60722099,60722096,CACAGTAGCTGGTACCTGAT,+,observation,-1.910150068,0.107910976,-0.459318029,-0.256054988,-0.206532134,0.012276557
chr2,60722096,60722116,60722099,ATCACATATAGGCACCTATC,-,observation,-0.351542804,-0.492324078,0.289913654,-0.124790243,-0.0113879,0.151997775
chr2,60722107,60722127,60722110,TCCACCCATCCATCACATAT,-,observation,-0.902300255,2.420567442,0.156825501,0.447292404,0.111304962,0.347568154
chr2,60722095,60722115,60722112,TGATAGGTGCCTATATGTGA,+,observation,-0.528690849,-0.511843382,-0.274343002,-0.374796114,-0.482104508,0.289098555
chr2,60722099,60722119,60722116,AGGTGCCTATATGTGATGGA,+,observation,0.666951126,0.890378723,-0.054695952,-0.353412404,-0.094587973,-0.493434649
chr2,60722100,60722120,60722117,GGTGCCTATATGTGATGGAT,+,observation,-0.364204682,-0.004389412,0.337171701,-0.236412831,0.195048104,-0.497395664
chr2,60722103,60722123,60722120,GCCTATATGTGATGGATGGG,+,observation,0.771407207,0.740558037,0.079986374,-0.599983298,-0.138526735,0.128264902
chr2,60722126,60722146,60722143,ACAGCCCGACAGATGAAAAA,+,observation,-0.078935644,-0.999170478,0.383102152,0.202446598,-0.590474871,-1.578473438
chr2,60722138,60722158,60722155,ATGAAAAATGGACAATTATG,+,observation,0.129172111,0.426860556,0.599497547,0.065811077,0.032690239,0.010026959
chr2,60722141,60722161,60722158,AAAAATGGACAATTATGAGG,+,observation,-0.575831132,-0.993961227,-0.037948529,0.358650179,0.62395399,-0.259136257
chr2,60722142,60722162,60722159,AAAATGGACAATTATGAGGA,+,observation,-1.421127127,0.183471939,-0.644697808,-0.233394428,0.358186592,-0.357552212
chr2,60722143,60722163,60722160,AAATGGACAATTATGAGGAG,+,observation,0.126474734,1.45095515,0.352762954,-0.035746279,-0.295244745,-0.273247205
chr2,60722157,60722177,60722174,GAGGAGGGGAGAGTGCAGAC,+,observation,-0.701442925,-0.339512944,-0.17463434,-0.358885453,-0.652320237,-0.17463434
chr2,60722158,60722178,60722175,AGGAGGGGAGAGTGCAGACA,+,observation,-0.31991445,0.668044379,-0.533798564,0.218037693,-0.196372374,-0.603995235
chr2,60722159,60722179,60722176,GGAGGGGAGAGTGCAGACAG,+,observation,2.135862261,1.189824151,-0.326659028,-0.716826637,-0.434847528,-0.949966964
chr2,60722193,60722213,60722196,GACTCCCAAAATTGTAAAGG,-,observation,-0.374047227,-0.575069984,-0.063486567,0.25903456,0.39184996,-0.993026764
chr2,60722196,60722216,60722199,GTGGACTCCCAAAATTGTAA,-,observation,0.019534965,0.827400917,-0.114324664,0.147562827,0.00861992,-0.861737826
chr2,60722185,60722205,60722202,CTTCACCTCCTTTACAATTT,+,observation,-0.126133745,1.303876271,0.149272637,0.294213121,-0.39140938,0.029335385
chr2,60722215,60722235,60722218,AATTTGTATGCCATGCCGTG,-,observation,0.348700236,-0.306332833,-0.078355787,0.09748277,0.919645312,0.470035839
chr2,60722264,60722284,60722267,CTCTCTTGGTGATGGAGAAT,-,observation,0.569315757,-1.087886263,0.766749157,-0.230075279,-0.090888793,0.642522806
chr2,60722272,60722292,60722275,TCGGAAGGCTCTCTTGGTGA,-,observation,-2.234420434,0.935406472,-0.473138576,-0.210740451,0.069954634,-0.476612428
chr2,60722278,60722298,60722281,CCTCTTTCGGAAGGCTCTCT,-,observation,0.160997012,0.742934872,0.019230785,0.214737022,0.420465033,-0.045015072
chr2,60722287,60722307,60722290,CCAGGGGGGCCTCTTTCGGA,-,observation,1.565930358,0.135925761,-1.714192113,0.18584126,0.135925761,0.135925761
chr2,60722275,60722295,60722292,CCAAGAGAGCCTTCCGAAAG,+,observation,-1.209513184,-0.464085185,0.199546019,0.199546019,0.710800826,-0.703547183
chr2,60722291,60722311,60722294,TTGCCCAGGGGGGCCTCTTT,-,observation,-0.472248057,-0.191007752,0.206493403,0.164739036,-0.623505943,-0.762794368
chr2,60722284,60722304,60722301,CCTTCCGAAAGAGGCCCCCC,+,observation,-0.101157389,0.985013743,0.382228705,0.397200332,0.336078766,-0.270454893
chr2,60722285,60722305,60722302,CTTCCGAAAGAGGCCCCCCT,+,observation,0.648189575,0.136496814,0.58937143,0.516439917,0.103583012,-1.070696447
chr2,60722301,60722321,60722304,CGGTGGCCGTTTGCCCAGGG,-,observation,0.10093805,0.886310714,-0.312530859,1.182199746,0.328919639,0.209562617
chr2,60722302,60722322,60722305,TCGGTGGCCGTTTGCCCAGG,-,observation,0.741640247,-0.086075168,-0.086075168,0.354567356,0.718897849,0.420145098
chr2,60722303,60722323,60722306,ATCGGTGGCCGTTTGCCCAG,-,observation,1.058948142,1.452245348,0.674142899,1.248155408,-0.13097083,0.511155974
chr2,60722304,60722324,60722307,CATCGGTGGCCGTTTGCCCA,-,observation,0.649356533,1.655426117,-1.600422679,0.512960579,0.844330934,0.741719311
chr2,60722305,60722325,60722308,CCATCGGTGGCCGTTTGCCC,-,observation,2.793311091,-0.397384942,0.256313036,1.113976643,0.850666907,0.523524086
chr2,60722302,60722322,60722319,CCTGGGCAAACGGCCACCGA,+,observation,1.729529253,0.341542319,0.047274348,0.168736143,0.766110814,0.473217574
chr2,60722307,60722327,60722324,GCAAACGGCCACCGATGGAG,+,observation,-0.262334725,-1.852378751,0.312142951,0.808802148,0.386357999,-0.262334725
chr2,60722321,60722341,60722324,GGACTGGCAGACCTCTCCAT,-,observation,1.211634806,0.227184729,-0.320607712,0.510550932,-0.023771921,-0.35365192
chr2,60722337,60722357,60722340,TGGGTGGGGTAGAAGAGGAC,-,observation,0.763333032,-0.300811353,0.32260734,0.370303579,0.459586397,-0.19801975
chr2,60722342,60722362,60722345,GGGCGTGGGTGGGGTAGAAG,-,observation,-0.114923993,0.493431921,-0.203579375,0.950720139,0.439323349,-0.114923993
chr2,60722351,60722371,60722354,TTAGGGTGGGGGCGTGGGTG,-,observation,0.221246486,-0.641299651,-0.532890953,0.160982843,0.622340616,0.372881458
chr2,60722352,60722372,60722355,ATTAGGGTGGGGGCGTGGGT,-,observation,0.933515697,0.950903537,-0.306622616,0.27964698,0.500582602,0.06144298
chr2,60722353,60722373,60722356,GATTAGGGTGGGGGCGTGGG,-,observation,-2.813207291,-0.343863143,1.562846153,0.117676103,-0.281745577,-0.592693406
chr2,60722356,60722376,60722359,TCTGATTAGGGTGGGGGCGT,-,observation,1.384724842,1.497190537,0.173805362,0.518448318,1.110182882,1.112514721
chr2,60722357,60722377,60722360,CTCTGATTAGGGTGGGGGCG,-,observation,2.472508354,-0.690550719,0.011826801,0.06421185,-0.146675306,-0.393106907
chr2,60722362,60722382,60722365,TTGGCCTCTGATTAGGGTGG,-,observation,0.416116539,-0.45071287,-0.493872482,0.547023803,0.295780307,0.904061811
chr2,60722363,60722383,60722366,TTTGGCCTCTGATTAGGGTG,-,observation,2.302401543,1.737123671,-0.152528705,1.172752634,0.788505328,1.465197877
chr2,60722364,60722384,60722367,GTTTGGCCTCTGATTAGGGT,-,observation,0.232178564,-0.868206051,-0.261776078,0.922409584,1.319371844,0.592535266
chr2,60722365,60722385,60722368,GGTTTGGCCTCTGATTAGGG,-,observation,1.758351202,2.52539834,-0.7254139,1.119338233,1.959584705,1.422985372
chr2,60722368,60722388,60722371,AAGGGTTTGGCCTCTGATTA,-,observation,1.886636585,2.231085444,0.291054858,1.447589089,1.041812672,0.525605427
chr2,60722355,60722375,60722372,CACGCCCCCACCCTAATCAG,+,observation,0.724754706,1.83974964,0.734951903,1.2582985,0.985745499,0.71024617
chr2,60722369,60722389,60722372,GAAGGGTTTGGCCTCTGATT,-,observation,2.994501292,1.497555512,-0.556062993,1.359973421,1.344242831,0.551043495
chr2,60722381,60722401,60722384,CACAGGCTCCAGGAAGGGTT,-,observation,2.78535394,1.31785144,1.31785144,1.420675627,2.015668369,1.31785144
chr2,60722370,60722390,60722387,ATCAGAGGCCAAACCCTTCC,+,observation,2.163009195,0.543272123,0.543272123,0.543272123,2.170465903,0.856755674
chr2,60722386,60722406,60722389,TTTATCACAGGCTCCAGGAA,-,observation,0.417749526,3.803177835,0.417749526,0.654053473,1.801807868,1.08459905
chr2,60722433,60722453,60722450,CTTCAAAGTTGTATTGACCC,+,observation,-0.37183356,1.018535862,0.473494981,-0.439628658,-0.212810089,-0.033764186
chr2,60722453,60722473,60722456,CTCTTAGACATAACACACCA,-,observation,-0.455796614,-0.466974022,-0.997504157,-0.075931807,-0.209481487,0.001157984
chr2,60722454,60722474,60722457,ACTCTTAGACATAACACACC,-,observation,1.487138986,-0.242538364,0.111709938,-0.498264664,-0.14065307,-0.175662934
chr2,60722482,60722502,60722485,CATAGGCCAGAAAAGAGATA,-,observation,-2.421521198,-2.75959066,-0.394008657,0.072175884,-0.05593137,-0.396435958
chr2,60722499,60722519,60722502,GTCCATACAGGTAATAACAT,-,observation,-0.315896132,-0.023616026,-0.266994206,-0.291502619,-0.207450891,0.005594774
chr2,60722494,60722514,60722511,GGCCTATGTTATTACCTGTA,+,observation,-1.396932109,0.067223319,-0.979281525,-0.554215107,-0.149220518,-0.230852731
chr2,60722511,60722531,60722514,TTCCAGTGCAAAGTCCATAC,-,observation,1.598641192,-2.162107186,0.138527077,-0.122371985,0.040542451,-0.001835405
chr2,60722506,60722526,60722523,TACCTGTATGGACTTTGCAC,+,observation,-0.123594503,0.248452452,-0.273309009,0.027414307,-0.020279729,0.439482094
chr2,60722540,60722560,60722557,TGCTCTTACTTATGCACACC,+,observation,-0.119518573,-0.549406918,-0.264376224,0.170828098,-0.237584982,0.444890871
chr2,60722541,60722561,60722558,GCTCTTACTTATGCACACCT,+,observation,-0.007444254,-0.777924477,0.049065941,-0.059561651,-0.135708751,-0.252691468
chr2,60722542,60722562,60722559,CTCTTACTTATGCACACCTG,+,observation,0.103238604,-0.541367166,0.864949828,-0.056669383,-0.260387206,0.350096884
chr2,60722561,60722581,60722564,CAGGGCTGGCTCTATGCCCC,-,observation,-0.944081351,0.838517041,-0.61802946,-0.013333872,0.064367895,-0.685154742
chr2,60722575,60722595,60722578,GCTGAAAAGCGATACAGGGC,-,observation,0.473464403,-0.456978947,0.331582208,0.273175149,-0.156002764,-0.249025059
chr2,60722579,60722599,60722582,GATGGCTGAAAAGCGATACA,-,observation,-0.800482008,0.893650175,0.245242748,-0.327690323,-0.380456186,-0.386401933
chr2,60722580,60722600,60722583,AGATGGCTGAAAAGCGATAC,-,observation,-0.927143422,-0.134395882,0.511883689,-0.53403867,-0.085363567,-0.040837791
chr2,60722597,60722617,60722600,GGGAGTTATCTGTAGTGAGA,-,observation,0.081029614,-0.951695931,-1.073985487,-0.73955644,0.595333545,-0.53331109
chr2,60722617,60722637,60722620,AAGGCAGCTAGACAGGACTT,-,observation,0.086715474,0.44074301,1.862814678,-0.167172607,0.026088676,-0.258594692
chr2,60722618,60722638,60722621,GAAGGCAGCTAGACAGGACT,-,observation,-0.245028383,0.613460939,-0.278934265,-0.164031405,-0.087789066,0.336141688
chr2,60722624,60722644,60722627,GATAAGGAAGGCAGCTAGAC,-,observation,-0.596679707,-0.389466496,-0.694980822,0.218671251,0.208519411,-0.122276725
chr2,60722636,60722656,60722639,TGCTATTCCTGTGATAAGGA,-,observation,-0.41360546,-1.196108982,-1.375447293,-0.622845222,-0.151362077,-0.122960982
chr2,60722626,60722646,60722643,CTAGCTGCCTTCCTTATCAC,+,observation,-1.317346088,0.648841185,0.124342697,-0.548889613,-0.047218917,-0.003115297
chr2,60722640,60722660,60722643,TGGGTGCTATTCCTGTGATA,-,observation,0.328327094,-0.126845579,-0.031287605,-0.106252593,-0.650091025,-0.047350179
chr2,60722640,60722660,60722657,TATCACAGGAATAGCACCCA,+,observation,-0.434047335,-0.535207501,-0.536335554,-0.190943484,0.297443263,0.337853055
chr2,60724809,60724829,60724812,TAAAGGATGTTAAATTGCTC,-,observation,-0.011696858,-1.917303099,-0.89884589,-0.011696858,-0.100990807,0.718905119
chr2,60724826,60724846,60724829,AGGCCTTCCAAAAAAAGTAA,-,observation,-0.733521367,0.91212298,0.526943301,-0.36597437,-0.274799641,-1.232120016
chr2,60724846,60724866,60724849,GAGTAGGAGGCTGGACCTGA,-,observation,-0.734973801,0.398110848,0.400522846,-0.457066658,0.101912407,-0.586049455
chr2,60724855,60724875,60724858,GAAAGAGAAGAGTAGGAGGC,-,observation,0.232749308,1.904122895,0.175528427,-0.498083919,-0.663684279,0.175528427
chr2,60724859,60724879,60724862,CAGAGAAAGAGAAGAGTAGG,-,observation,0.147959343,-0.252050616,-0.093249638,0.003302952,-0.478952892,-0.347501606
chr2,60724862,60724882,60724865,GTTCAGAGAAAGAGAAGAGT,-,observation,0.476398672,0.741096277,-0.106424509,0.4962976,-0.279783231,-0.281614878
chr2,60724876,60724896,60724893,CTGAACTATCACCTTACTAT,+,observation,-0.095780732,-1.374229236,0.070929756,0.146835791,0.271819426,0.343801824
chr2,60724890,60724910,60724893,GGAAATATGTGCCTATAGTA,-,observation,0.491170824,-0.421526275,0.010606944,-0.712471094,-0.388001621,-0.455190583
chr2,60724895,60724915,60724912,TAGGCACATATTTCCCCCAA,+,observation,1.013327503,-0.140133882,-0.126136979,0.177772331,-0.347157888,1.293094977
chr2,60724911,60724931,60724914,GAGGCCACTGAGTCCTTTGG,-,observation,0.198934399,1.224385883,0.262202044,-0.30186635,-0.357390903,-1.237422255
chr2,60724912,60724932,60724915,AGAGGCCACTGAGTCCTTTG,-,observation,0.451621096,-0.09439405,-0.033471099,0.316778471,-0.187162498,-0.543318132
chr2,60724913,60724933,60724916,AAGAGGCCACTGAGTCCTTT,-,observation,1.034499046,1.01489908,0.765338177,0.024775823,-0.266475538,-0.649339261
chr2,60724914,60724934,60724917,AAAGAGGCCACTGAGTCCTT,-,observation,1.01726796,-0.058577782,-0.237552888,0.245499692,0.614649926,-0.678486501
chr2,60724904,60724924,60724921,ATTTCCCCCAAAGGACTCAG,+,observation,-0.244643903,-1.380100957,-0.814933171,-0.486943009,-0.54817295,0.227712913
chr2,60724930,60724950,60724933,AGGGAGAAATGAGACAAAAG,-,observation,-0.283850434,0.247947905,0.355656477,0.33971848,0.245514222,-0.510562029
chr2,60724949,60724969,60724952,TCTACTGGATCATCAGCAAA,-,observation,0.021004574,0.79949537,-0.309839677,0.250490705,0.145838563,-0.013444028
chr2,60724950,60724970,60724953,CTCTACTGGATCATCAGCAA,-,observation,0.404527279,-0.213693597,0.523007787,0.099400762,-0.199784566,0.274875714
chr2,60724961,60724981,60724978,CCAGTAGAGAAATGATCAAA,+,observation,0.278235137,-0.201900982,0.328170491,0.338802345,0.18130516,-0.077212436
chr2,60724989,60725009,60724992,TTTCATTTAGGACAATGTGC,-,observation,0.261294536,-0.1914998,-0.133159121,0.116640563,-0.65165648,0.910645018
chr2,60725001,60725021,60725004,GAGGAAGCTTGGTTTCATTT,-,observation,-0.462367704,0.045200168,-0.454984468,-0.08588086,0.083096718,-0.546550539
chr2,60725012,60725032,60725015,TCCATCCTGCAGAGGAAGCT,-,observation,0.443723748,-1.068442241,-0.425572184,-0.047028939,-0.194483993,-0.09528068
chr2,60725004,60725024,60725021,TGAAACCAAGCTTCCTCTGC,+,observation,-0.243965242,0.666422672,-0.159778798,0.443725735,0.462900705,0.088006967
chr2,60725020,60725040,60725023,GGCTCACTTCCATCCTGCAG,-,observation,-1.235110059,-0.1614872,0.34630275,-0.280478796,-0.021370759,-0.523803015
chr2,60725008,60725028,60725025,ACCAAGCTTCCTCTGCAGGA,+,observation,-2.962371307,0.115137675,0.492658391,-0.464435397,-0.447702683,-0.392795322
chr2,60725020,60725040,60725037,CTGCAGGATGGAAGTGAGCC,+,observation,0.842038748,-0.041102337,1.00191612,-0.396022724,-0.268013433,0.834678554
chr2,60725041,60725061,60725044,AGGCTCCCCCTTCTATCACC,-,observation,-1.011886763,-1.009943748,0.337405446,0.154366428,-0.169645769,-1.002816864
chr2,60725030,60725050,60725047,GAAGTGAGCCAGGTGATAGA,+,observation,0.127763515,-0.425343006,-0.153747766,0.021592244,-0.357637218,-0.20509424
chr2,60725031,60725051,60725048,AAGTGAGCCAGGTGATAGAA,+,observation,1.207880484,0.338537976,1.105595986,-0.489670774,0.371546672,0.02771479
chr2,60725032,60725052,60725049,AGTGAGCCAGGTGATAGAAG,+,observation,-0.883586875,0.48902631,0.245262305,0.339383169,-0.276333018,-0.029550117
chr2,60725033,60725053,60725050,GTGAGCCAGGTGATAGAAGG,+,observation,-0.155353418,0.111058388,0.091277036,-0.150730447,0.253557297,0.25415764
chr2,60725040,60725060,60725057,AGGTGATAGAAGGGGGAGCC,+,observation,-0.621428415,-2.278279465,-0.180969078,-0.552060445,0.309836105,-0.660970768
chr2,60725061,60725081,60725064,GCCAATGAAGCGGTGGGTCC,-,observation,-0.473409262,-0.076644308,0.272365632,-0.502954704,0.220034525,0.639805328
chr2,60725067,60725087,60725070,TCCTCGGCCAATGAAGCGGT,-,observation,-0.210448119,0.224033335,0.040958272,-0.438514889,-0.30192715,-0.258462337
chr2,60725068,60725088,60725071,ATCCTCGGCCAATGAAGCGG,-,observation,-0.554735512,0.046216374,-0.740711231,-0.292497988,-0.132592705,-0.685387081
chr2,60725057,60725077,60725074,GCCTGGACCCACCGCTTCAT,+,observation,-0.464152362,-0.772104587,0.019471148,0.036980848,0.194480323,-0.472690536
chr2,60725071,60725091,60725074,GTCATCCTCGGCCAATGAAG,-,observation,1.585670749,-0.25937057,0.340038236,-0.481825506,0.398065052,0.515330647
chr2,60725063,60725083,60725080,ACCCACCGCTTCATTGGCCG,+,observation,0.051601022,0.74839459,-0.399331569,-0.18348671,0.342861098,0.080377326
chr2,60725083,60725103,60725086,GACCTTTATGGGGTCATCCT,-,observation,-0.269288793,-0.474216048,-0.125880407,-0.071986257,0.268107735,-0.036565152
chr2,60725078,60725098,60725095,GGCCGAGGATGACCCCATAA,+,observation,1.142910646,-0.032841187,-0.168990406,0.341035739,0.04164478,-0.391040143
chr2,60725093,60725113,60725096,GCAACACCCTGACCTTTATG,-,observation,-0.257675301,0.237384003,0.583478919,0.377922371,-0.186018019,-0.076192608
chr2,60725094,60725114,60725097,TGCAACACCCTGACCTTTAT,-,observation,0.517311391,1.016205929,-0.124664267,-0.094089208,0.0918077,-0.066167835
chr2,60725095,60725115,60725098,CTGCAACACCCTGACCTTTA,-,observation,0.408605882,0.853472255,0.532321459,0.070957553,-0.030245222,-0.436360719
chr2,60725083,60725103,60725100,AGGATGACCCCATAAAGGTC,+,observation,-1.297704664,0.187453204,-1.163698434,-0.148205261,0.334507051,-0.349998934
chr2,60725084,60725104,60725101,GGATGACCCCATAAAGGTCA,+,observation,0.968043804,-0.618718203,0.550692079,-0.282133625,-0.355518675,-0.281423789
chr2,60725119,60725139,60725136,TGCTATGCACAAAATCCAAG,+,observation,0.05937345,-1.221975969,-0.395312849,-0.078521836,0.291475927,-0.107673191
chr2,60725137,60725157,60725140,CCCCACCTCCATGGGCCTCT,-,observation,-0.156961927,0.067703841,-0.604346144,0.106266433,-0.524240256,-0.954315951
chr2,60725126,60725146,60725143,CACAAAATCCAAGAGGCCCA,+,observation,0.367035545,0.678549245,0.109696867,0.332811196,0.062260084,-1.418604484
chr2,60725129,60725149,60725146,AAAATCCAAGAGGCCCATGG,+,observation,0.904682213,-0.063135573,-0.576036882,0.197712969,-0.703436415,-1.476203776
chr2,60725145,60725165,60725148,CCTCATCTCCCCACCTCCAT,-,observation,0.315658929,-0.635533242,0.246635297,0.211232557,-0.224948759,-0.264842483
chr2,60725132,60725152,60725149,ATCCAAGAGGCCCATGGAGG,+,observation,0.929229704,0.047943545,-1.03321911,0.217704497,0.657004635,-1.263905019
chr2,60725146,60725166,60725149,CCCTCATCTCCCCACCTCCA,-,observation,-1.297704664,-0.274586624,0.491794378,0.285221771,-0.115560849,0.090796843
chr2,60725133,60725153,60725150,TCCAAGAGGCCCATGGAGGT,+,observation,-0.124590758,0.785048225,-0.659587034,-0.124590758,-0.403982455,-0.670093605
chr2,60725134,60725154,60725151,CCAAGAGGCCCATGGAGGTG,+,observation,-0.29662012,0.768878892,-0.692544876,0.58977776,0.374844942,-0.622552952
chr2,60725142,60725162,60725159,CCCATGGAGGTGGGGAGATG,+,observation,0.255022546,1.126895573,0.482055993,-0.215552851,-0.493801161,0.479494672
chr2,60725143,60725163,60725160,CCATGGAGGTGGGGAGATGA,+,observation,1.463372062,-0.432241323,-0.035584587,0.113127605,-0.067890729,0.245743087
chr2,60725153,60725173,60725170,GGGGAGATGAGGGACCCACC,+,observation,0.421608582,-1.45395417,0.15534565,-0.203580083,-0.355223113,-0.362771947
chr2,60725170,60725190,60725173,CTCTTGAGGGTCTGCCAGGT,-,observation,0.2238354,1.424974233,0.007679932,0.283406626,-0.394288749,-0.048733442
chr2,60725171,60725191,60725174,GCTCTTGAGGGTCTGCCAGG,-,observation,-1.242890543,0.834801626,-0.239873946,0.011040409,-0.327247207,-0.531844546
chr2,60725174,60725194,60725177,CCTGCTCTTGAGGGTCTGCC,-,observation,-0.201616303,0.293780473,-0.231212581,-0.521586022,-0.02546519,-0.263071283
chr2,60725183,60725203,60725186,GAGAAGACCCCTGCTCTTGA,-,observation,-0.018736747,-0.770558965,-0.57002551,0.313373213,0.193620909,-1.367678448
chr2,60725184,60725204,60725187,AGAGAAGACCCCTGCTCTTG,-,observation,-0.236836213,-0.462127356,-0.035073462,-0.69233906,0.256137213,-1.493112583
chr2,60725171,60725191,60725188,CCTGGCAGACCCTCAAGAGC,+,observation,-1.071474356,-0.522189331,-0.501396834,0.774510908,0.532420938,-0.563449275
chr2,60725173,60725193,60725190,TGGCAGACCCTCAAGAGCAG,+,observation,0.323231123,0.595961274,-0.47384422,0.118658282,0.165759237,-0.082753188
chr2,60725185,60725205,60725202,AAGAGCAGGGGTCTTCTCTT,+,observation,-1.280515095,-0.31508787,0.552485758,-0.280938779,-0.381319278,-1.158690865
chr2,60725186,60725206,60725203,AGAGCAGGGGTCTTCTCTTT,+,observation,-0.387068156,-0.656519205,0.125587774,-0.036278176,-0.586486054,-1.396237045
chr2,60725187,60725207,60725204,GAGCAGGGGTCTTCTCTTTG,+,observation,0.040430686,0.188717945,-0.692778106,0.310128596,-0.065594172,-1.135752654
chr2,60725188,60725208,60725205,AGCAGGGGTCTTCTCTTTGG,+,observation,-0.185025072,0.17671324,-0.480572111,0.747231639,0.136509022,-1.445598944
chr2,60725191,60725211,60725208,AGGGGTCTTCTCTTTGGGGG,+,observation,-0.909063022,0.130523788,1.024073523,-0.152019042,0.12680009,-0.875423723
chr2,60725208,60725228,60725225,GGGAGGACATCACTCTTAGC,+,observation,0.339658195,0.199007984,-0.091844418,0.182192941,-0.063908179,0.308966738
chr2,60725209,60725229,60725226,GGAGGACATCACTCTTAGCA,+,observation,-0.297953752,-2.132919648,-1.215718339,0.101391972,0.423394322,-0.541630217
chr2,60725213,60725233,60725230,GACATCACTCTTAGCAGGGC,+,observation,-0.6382598,-0.16021798,-0.417871186,0.274263273,0.607169527,0.145008287
chr2,60725214,60725234,60725231,ACATCACTCTTAGCAGGGCT,+,observation,1.697648179,0.033823544,0.343324074,0.206672573,-0.155958148,0.237612692
chr2,60725215,60725235,60725232,CATCACTCTTAGCAGGGCTG,+,observation,0.199613981,-0.445269793,-1.095682393,0.073936267,-0.090676989,-0.099353816
chr2,60725231,60725251,60725248,GCTGGGGTGAGTCAAAAGTC,+,observation,0.909040738,0.367378277,-0.5113936,-0.124786694,0.345353371,-1.40330054
chr2,60725232,60725252,60725249,CTGGGGTGAGTCAAAAGTCT,+,observation,-1.006998752,0.854284262,-0.025868346,-0.418182821,-0.234891105,-0.657073145
chr2,60725239,60725259,60725256,GAGTCAAAAGTCTGGGAGAA,+,observation,-0.46985382,1.347903387,-0.521311318,0.31918529,0.136724025,-1.055701478
chr2,60725242,60725262,60725259,TCAAAAGTCTGGGAGAATGG,+,observation,0.588934162,-0.941872657,-0.912317991,-0.243703094,-0.166579318,-0.258025153
chr2,60725247,60725267,60725264,AGTCTGGGAGAATGGAGGTG,+,observation,-0.836611849,0.66706975,0.523304216,0.288067822,-0.297778924,-0.369319196
chr2,60725250,60725270,60725267,CTGGGAGAATGGAGGTGTGG,+,observation,-0.876522724,-0.501116779,0.429547322,-0.301649742,0.138206989,-0.245556751
chr2,60725251,60725271,60725268,TGGGAGAATGGAGGTGTGGA,+,observation,-1.378396858,0.113653679,-0.437571318,-0.126480212,-0.279419148,-0.340044678
chr2,60725252,60725272,60725269,GGGAGAATGGAGGTGTGGAG,+,observation,0.119856679,-0.233034572,-0.035424946,0.387544441,-0.470861224,0.162908311
chr2,60725260,60725280,60725277,GGAGGTGTGGAGGGGATAAC,+,observation,0.921323299,0.792721884,0.033834375,0.058280958,0.100473389,0.524384463
chr2,60725261,60725281,60725278,GAGGTGTGGAGGGGATAACT,+,observation,0.497074499,1.042614701,-0.292016943,-0.67362763,0.039945453,0.05200596
chr2,60725277,60725297,60725294,AACTGGGTCAGACCCCAAGC,+,observation,-0.084882283,0.249541981,-0.178201901,-0.119591195,0.39642884,-0.70774963
chr2,60725292,60725312,60725295,ATAGAGGCCCTTCCTGCTTG,-,observation,-1.42152721,-0.11296303,0.528706882,0.062360034,0.147119949,-0.713669479
chr2,60725293,60725313,60725296,CATAGAGGCCCTTCCTGCTT,-,observation,0.112045926,0.780361922,0.416111397,0.29373226,0.075219059,-0.333462783
chr2,60725294,60725314,60725297,ACATAGAGGCCCTTCCTGCT,-,observation,1.014482578,0.710742202,-0.142892424,-0.132122182,-0.039968594,-0.635631044
chr2,60725281,60725301,60725298,GGGTCAGACCCCAAGCAGGA,+,observation,0.356564293,-0.332418731,-0.497477383,-0.117003068,-0.867434407,-0.801528695
chr2,60725282,60725302,60725299,GGTCAGACCCCAAGCAGGAA,+,observation,-0.153622389,1.291327585,-0.153622389,0.505927616,-0.231494817,-1.097531281
chr2,60725308,60725328,60725311,CCACACACCCGTCTACATAG,-,observation,-0.606993936,0.070569033,-0.027814168,0.024593175,-0.450027826,0.021480176
chr2,60725297,60725317,60725314,AGGAAGGGCCTCTATGTAGA,+,observation,-0.069116718,1.489981634,0.230416844,0.167245585,-0.205868625,-0.774944087
chr2,60725298,60725318,60725315,GGAAGGGCCTCTATGTAGAC,+,observation,0.115005354,1.10954565,0.115005354,0.426851599,0.422001011,-1.290832326
chr2,60725305,60725325,60725322,CCTCTATGTAGACGGGTGTG,+,observation,1.088455907,2.135876718,0.1962228,-0.093419362,-0.001251982,0.449779799
chr2,60725315,60725335,60725332,GACGGGTGTGTGGCTCCTTA,+,observation,-0.146629838,-0.109008407,0.426768214,0.103504734,0.178604634,-1.070590298
chr2,60725333,60725353,60725336,AGGGCTGCTGGGTCACCTTA,-,observation,-1.117668476,-0.367525307,-0.134946108,-0.23983716,-0.175170065,-0.307382791
chr2,60725344,60725364,60725347,CTTCTGTGCCCAGGGCTGCT,-,observation,0.156601824,-0.552999732,-0.604326709,0.029735962,0.054806409,-0.51046301
chr2,60725345,60725365,60725348,ACTTCTGTGCCCAGGGCTGC,-,observation,0.013719603,1.430529442,1.316796445,-0.297127816,0.03057263,0.189804675
chr2,60725332,60725352,60725349,TTAAGGTGACCCAGCAGCCC,+,observation,-0.81270625,0.660974449,0.471250736,-0.71812414,-0.252631547,0.176316162
chr2,60725333,60725353,60725350,TAAGGTGACCCAGCAGCCCT,+,observation,0.687996833,0.137676308,0.152828428,0.072567902,-0.435210604,-0.071980637
chr2,60725352,60725372,60725355,ACGCACCACTTCTGTGCCCA,-,observation,-0.155721571,-0.767111666,-0.036476013,-0.332079214,-0.473532341,-0.449443077
chr2,60725353,60725373,60725356,CACGCACCACTTCTGTGCCC,-,observation,-0.251247464,-0.569696218,-0.040344726,-0.102190971,-0.713091701,0.486839099
chr2,60725344,60725364,60725361,AGCAGCCCTGGGCACAGAAG,+,observation,1.124272918,0.525624046,-0.772826831,-0.161488697,0.302276006,0.327598577
chr2,60725351,60725371,60725368,CTGGGCACAGAAGTGGTGCG,+,observation,1.215490932,0.368485602,0.234178649,0.189741402,-0.402426005,0.017853177
chr2,60725385,60725405,60725388,GCCCTGCTGGTTATCACTGT,-,observation,0.800368265,0.635071824,0.184427639,0.794868385,0.607053969,0.630537254
chr2,60725380,60725400,60725397,TGCCAACAGTGATAACCAGC,+,observation,2.537320341,1.384140939,-1.352872024,0.02469402,-0.154403087,0.95809133
chr2,60725381,60725401,60725398,GCCAACAGTGATAACCAGCA,+,observation,-2.469193839,0.895307961,-0.03460659,0.395990952,0.468184494,1.085861758
chr2,60725398,60725418,60725401,CCTCTTCTGACAGGCCCTGC,-,observation,0.054501905,0.722549422,0.557158228,-0.184925791,0.203552062,0.004752338
chr2,60725407,60725427,60725410,TGTCCAGGGCCTCTTCTGAC,-,observation,0.226569566,0.463330539,-0.215418304,0.089827055,-0.538850761,-0.2347498
chr2,60725395,60725415,60725412,CCAGCAGGGCCTGTCAGAAG,+,observation,1.295946699,-0.121182881,0.386657113,-0.964964318,-0.812390264,-0.508481915
chr2,60725401,60725421,60725418,GGGCCTGTCAGAAGAGGCCC,+,observation,-0.012116341,-0.58279654,0.922270808,-0.224291945,-0.012116341,-1.244363678
chr2,60725421,60725441,60725424,TGCCCAGCCTTCAGTGTCCA,-,observation,-1.387608889,-1.630474211,0.41139345,-1.390146962,-0.694595118,-0.690376655
chr2,60725422,60725442,60725425,GTGCCCAGCCTTCAGTGTCC,-,observation,-2.113002429,-1.665400332,-0.57013635,-0.632014327,-0.370703377,-1.371261004
chr2,60725411,60725431,60725428,GAAGAGGCCCTGGACACTGA,+,observation,-1.484522643,-1.280746025,-0.540543332,-0.824567527,-0.900519298,-1.368342749
chr2,60725415,60725435,60725432,AGGCCCTGGACACTGAAGGC,+,observation,-0.134114885,-0.759826965,1.05041167,-0.607682437,-1.32456231,-0.721220466
chr2,60725416,60725436,60725433,GGCCCTGGACACTGAAGGCT,+,observation,-1.649518161,-1.359820978,0.222615694,-0.560109008,-1.243953401,-1.389705413
chr2,60725427,60725447,60725444,CTGAAGGCTGGGCACAGCCT,+,observation,-1.723088718,-0.674686019,-0.333663714,-0.737716457,0.040459689,-0.641990303
chr2,60725447,60725467,60725450,TGTCCTGTGAGCGGTCGCCA,-,observation,-0.264396366,-0.190414647,0.009707656,-0.102577517,-0.200606477,-0.862538988
chr2,60725441,60725461,60725458,CAGCCTTGGCGACCGCTCAC,+,observation,-0.04716062,-0.414273888,-0.51861157,-0.388589625,-0.049104138,-0.770190666
chr2,60725456,60725476,60725459,ACTGCTGCATGTCCTGTGAG,-,observation,0.229153354,-1.144360643,-0.046917719,-0.023385253,0.020586626,-0.243305797
chr2,60725484,60725504,60725487,GGGTCGCGGTAGGGAGTTGT,-,observation,1.217151878,0.9982603,0.370017398,0.039543049,0.279046281,0.212589661
chr2,60725493,60725513,60725496,CACTGATAGGGGTCGCGGTA,-,observation,0.221067693,-0.410403373,0.635239514,0.494145196,-0.463730833,0.285880637
chr2,60725494,60725514,60725497,GCACTGATAGGGGTCGCGGT,-,observation,0.638698219,-3.281610327,-1.164857614,-0.505303633,-0.050126994,0.12504121
chr2,60725498,60725518,60725501,GTCGGCACTGATAGGGGTCG,-,observation,-0.41517301,-0.602300728,0.146588083,-0.33800562,-0.543963199,0.111342725
chr2,60725504,60725524,60725507,TGCTTGGTCGGCACTGATAG,-,observation,2.112155532,2.284133523,0.641820962,0.472533283,2.523954598,1.230589028
chr2,60725505,60725525,60725508,GTGCTTGGTCGGCACTGATA,-,observation,1.287122856,3.080879063,-0.028991,1.835391704,0.888100592,1.116685765
chr2,60725506,60725526,60725509,TGTGCTTGGTCGGCACTGAT,-,observation,3.010577915,1.593546874,0.324906497,0.47444384,1.174252244,1.71811137
chr2,60725516,60725536,60725519,GTGCATCTTGTGTGCTTGGT,-,observation,1.660341524,-0.805918157,-0.056646953,-0.154426991,-0.310139612,0.286870049
chr2,60725520,60725540,60725523,GGGTGTGCATCTTGTGTGCT,-,observation,0.39978727,0.955725066,-0.548580176,-0.194533726,0.189731721,0.525197869
chr2,60725520,60725540,60725537,AGCACACAAGATGCACACCC,+,observation,0.395462763,0.910702813,0.487916892,-0.614406746,0.347541604,0.502919063
chr2,60725524,60725544,60725541,CACAAGATGCACACCCAGGC,+,observation,-0.584700503,-0.979979599,-1.059097273,0.033963243,0.19162015,0.053508595
chr2,60725525,60725545,60725542,ACAAGATGCACACCCAGGCT,+,observation,0.486380926,0.334861621,0.085632203,-0.013259768,-0.125105734,0.508499704
chr2,60725540,60725560,60725543,CCCTCTGTCCAGCCCAGCCT,-,observation,1.049585013,-1.506066382,-0.017909887,0.237030242,0.14182513,0.041224382
chr2,60725541,60725561,60725544,CCCCTCTGTCCAGCCCAGCC,-,observation,0.238910449,-0.150741648,0.314024682,0.091753232,-0.087821434,-0.367553883
chr2,60725529,60725549,60725546,GATGCACACCCAGGCTGGGC,+,observation,1.662564792,0.121365896,-0.397402909,-0.102917799,0.518339999,-0.971045719
chr2,60725536,60725556,60725553,ACCCAGGCTGGGCTGGACAG,+,observation,1.563504276,-0.174023333,0.5343021,-1.290280676,-0.527924767,0.013357093
chr2,60725537,60725557,60725554,CCCAGGCTGGGCTGGACAGA,+,observation,0.280350092,-1.999058551,-0.298800491,-1.359220815,-1.386130883,-0.766257401
chr2,60725538,60725558,60725555,CCAGGCTGGGCTGGACAGAG,+,observation,-0.266145255,-1.551664081,-0.332866453,-0.814037126,-0.348650125,-0.590995803
chr2,60725565,60725585,60725568,GGCACACCCTGTGATCTTGT,-,observation,0.659642168,0.809499926,0.287276821,-0.122931162,0.21483296,0.79615699
chr2,60725566,60725586,60725569,GGGCACACCCTGTGATCTTG,-,observation,0.794873648,0.033359787,1.224775341,-0.271230617,-0.211118035,-0.079854606
chr2,60725555,60725575,60725572,GAGGGGTCCCACAAGATCAC,+,observation,-0.55411239,0.13934991,1.14925002,-0.494558297,-0.90231986,-0.574097679
chr2,60725556,60725576,60725573,AGGGGTCCCACAAGATCACA,+,observation,-1.448084449,0.507027775,0.104329499,-0.2620298,-0.492850832,-0.500694978
chr2,60725571,60725591,60725588,TCACAGGGTGTGCCCTGAGA,+,observation,2.11517598,0.486649868,-0.589532681,0.336282415,-0.237764309,0.528681708
chr2,60725586,60725606,60725589,GTGAGCTCCCCACCTTCTCA,-,observation,0.168947559,0.494823969,-0.414674766,0.31761026,-0.688420254,-0.673790257
chr2,60725587,60725607,60725590,TGTGAGCTCCCCACCTTCTC,-,observation,0.215901409,0.414437961,-0.304803433,0.738385951,0.543217539,-0.182142735
chr2,60725574,60725594,60725591,CAGGGTGTGCCCTGAGAAGG,+,observation,1.010530654,2.65491891,0.342318523,-0.21093953,-0.477060431,-0.16280018
chr2,60725575,60725595,60725592,AGGGTGTGCCCTGAGAAGGT,+,observation,1.669811972,0.462825542,0.44966166,-0.199741545,-0.281629432,0.323084487
chr2,60725576,60725596,60725593,GGGTGTGCCCTGAGAAGGTG,+,observation,-0.022887905,-1.077159958,0.635281414,0.559716405,1.534370224,0.432435479
chr2,60725611,60725631,60725614,CAGGATGATGCAATGCTTGG,-,observation,0.910233251,-0.215619811,-0.567264373,-0.03325651,0.362527055,0.804972773
chr2,60725614,60725634,60725617,TACCAGGATGATGCAATGCT,-,observation,0.978606712,1.526553786,-0.101063394,0.305116985,1.013297344,1.126512647
chr2,60725609,60725629,60725626,CTCCAAGCATTGCATCATCC,+,observation,0.25501389,1.203580115,-0.491816877,0.516615342,0.607641711,1.059060445
chr2,60725616,60725636,60725633,CATTGCATCATCCTGGTACC,+,observation,0.457843607,0.830384772,0.050244982,0.18142381,0.523153976,0.942858004
chr2,60725630,60725650,60725633,CCCATTGCCTTCCTGGTACC,-,observation,1.233287066,0.379188669,-0.108527957,-0.304884262,0.034638948,0.708121573
chr2,60725620,60725640,60725637,GCATCATCCTGGTACCAGGA,+,observation,0.208254663,0.697155298,-0.291002517,0.255423475,0.674962447,1.286794124
chr2,60725637,60725657,60725640,GGGGCAGCCCATTGCCTTCC,-,observation,-0.755110139,1.07086955,-0.184511998,-0.183234457,0.344524449,-0.14336892
chr2,60725626,60725646,60725643,TCCTGGTACCAGGAAGGCAA,+,observation,-0.29993073,-0.157460632,1.357036472,0.42059639,0.178149972,0.785119501
chr2,60725627,60725647,60725644,CCTGGTACCAGGAAGGCAAT,+,observation,-0.602430965,0.622922619,0.494811806,0.390476092,0.027868892,0.743102468
chr2,60725656,60725676,60725659,TAGGAAGGGAAGTGGGTATG,-,observation,-2.629685257,1.750551383,0.383525744,-0.170234243,0.309942096,0.06391931
chr2,60725657,60725677,60725660,CTAGGAAGGGAAGTGGGTAT,-,observation,0.366890152,-0.535901627,-0.179749603,0.012409793,-0.226691067,0.478942214
chr2,60725658,60725678,60725661,TCTAGGAAGGGAAGTGGGTA,-,observation,0.30180236,0.235189119,0.108740359,-0.280269683,-0.352491135,0.455662372
chr2,60725663,60725683,60725666,CCAATTCTAGGAAGGGAAGT,-,observation,0.461794076,0.044915059,-0.387268818,0.390296163,-0.050755796,0.340715051
chr2,60725664,60725684,60725667,GCCAATTCTAGGAAGGGAAG,-,observation,-1.60904921,-0.273716581,-0.229323446,0.071345884,0.654897348,0.617273169
chr2,60725670,60725690,60725673,TCCCAGGCCAATTCTAGGAA,-,observation,-0.84342763,0.21187095,-1.174807703,0.476104729,0.34885762,-0.18240763
chr2,60725671,60725691,60725674,GTCCCAGGCCAATTCTAGGA,-,observation,0.855451416,3.111797788,0.206170621,0.17652621,-0.26511008,-0.219399137
chr2,60725660,60725680,60725677,CCCACTTCCCTTCCTAGAAT,+,observation,1.700975843,1.978223482,1.51463988,0.817790545,0.846260526,0.557660159
chr2,60725675,60725695,60725678,GAATGTCCCAGGCCAATTCT,-,observation,1.452681539,0.681421773,0.129779673,0.141701264,0.904966821,0.341441971
chr2,60725665,60725685,60725682,TTCCCTTCCTAGAATTGGCC,+,observation,1.123888678,0.929299661,-0.06413124,0.283351954,0.168032489,0.577293951
chr2,60725666,60725686,60725683,TCCCTTCCTAGAATTGGCCT,+,observation,0.61871689,1.389945178,-0.183509824,0.546694769,-0.733769187,0.675775326
chr2,60725686,60725706,60725689,GGCTAAATAATGAATGTCCC,-,observation,1.055474915,1.286540972,0.286167991,0.026548525,-0.000983689,0.377481047
chr2,60725691,60725711,60725708,ATTCATTATTTAGCCACCTC,+,observation,0.039722814,0.636838707,-0.263362627,-0.205671918,0.611594421,0.120486082
chr2,60725707,60725727,60725710,ACAAATGCAGGTGCCAGAGG,-,observation,-0.024836126,-1.528764733,-0.156221008,-0.063066243,-0.034156454,-0.33971827
chr2,60725710,60725730,60725713,AAAACAAATGCAGGTGCCAG,-,observation,-0.657750507,-1.675974796,-0.380864867,-0.747970087,-0.497368368,-0.379707133
chr2,60725719,60725739,60725722,AAAATTTGAAAAACAAATGC,-,observation,-2.438124158,0.940472382,-0.032092611,-0.455174641,-0.80063868,-0.964445271
chr2,60725742,60725762,60725759,AGCAAATAGGCTTAGTGTGC,+,observation,0.516986296,0.628349123,0.774772738,0.113224192,-0.058244155,0.408334671
chr2,60725743,60725763,60725760,GCAAATAGGCTTAGTGTGCT,+,observation,0.298645512,-0.398041041,-0.811938119,0.012589166,-0.335323592,0.609919526
chr2,60725759,60725779,60725776,TGCTGGGCAGAGCTGAGCAG,+,observation,-0.549816792,0.453687413,0.792493299,-0.035110794,-0.020197757,0.028088618
chr2,60725793,60725813,60725796,TCTTATGTGAGTAGGTAGAG,-,observation,0.302071722,0.437673313,-0.386813859,-0.198069363,0.017796439,0.307804051
chr2,60725794,60725814,60725797,ATCTTATGTGAGTAGGTAGA,-,observation,0.71481157,0.232967701,0.547778195,-0.051388263,-0.002828537,0.040408997
chr2,60725795,60725815,60725798,GATCTTATGTGAGTAGGTAG,-,observation,-0.170180679,0.750072854,-0.716658788,-0.152282824,0.117248623,0.332689356
chr2,60725801,60725821,60725804,TTTACTGATCTTATGTGAGT,-,observation,-0.175617821,0.1090338,1.009402221,0.054428838,0.110302434,0.31253517
chr2,60725805,60725825,60725822,ACATAAGATCAGTAAAGAGA,+,observation,-0.644502915,0.074778776,0.037261905,-0.007576657,-0.267669518,-0.678207424
chr2,60725812,60725832,60725829,ATCAGTAAAGAGAAGGAAGC,+,observation,0.272032372,0.400072965,0.484496988,0.376040929,0.011751332,-0.217180993
chr2,60725821,60725841,60725838,GAGAAGGAAGCAGGCAGATG,+,observation,0.52365916,0.179404225,0.397774536,-0.009552707,0.018752719,-0.463423927
chr2,60725829,60725849,60725846,AGCAGGCAGATGAGGTGACA,+,observation,-0.176997715,0.985185249,0.144163578,-0.294111174,0.037609817,0.014234983
chr2,60725830,60725850,60725847,GCAGGCAGATGAGGTGACAA,+,observation,-1.022506573,1.861724323,-0.021135931,0.0810272,-0.151278662,-0.165401324
chr2,60725831,60725851,60725848,CAGGCAGATGAGGTGACAAG,+,observation,0.656800236,-0.627901674,-0.618731848,-0.783610121,-0.075614741,0.049837238
chr2,60725845,60725865,60725862,GACAAGGGGAGAAACCAGTG,+,observation,0.660113528,0.296079992,0.997880105,-0.395730059,0.09531614,-0.458117257
chr2,60725862,60725882,60725865,GGACCTATAGATGACCTCAC,-,observation,-1.045257637,-0.55252598,0.721468122,-0.548034486,-0.315462065,0.021714036
chr2,60725856,60725876,60725873,AAACCAGTGAGGTCATCTAT,+,observation,0.122641743,-0.40852587,0.307580027,-0.158823335,0.601770796,0.000750822
chr2,60725883,60725903,60725886,TGGCTGGGTCTGTACGAACT,-,observation,0.297967408,0.357740575,0.510089557,-0.028085169,0.282035364,-0.330097901
chr2,60725898,60725918,60725901,AGAGAACTGGCAGTCTGGCT,-,observation,-0.002193597,-0.495505563,-0.361061581,0.154163652,-0.068668449,-0.549407786
chr2,60725899,60725919,60725902,CAGAGAACTGGCAGTCTGGC,-,observation,-0.047589415,0.251882366,0.217089943,0.148501318,0.031661869,-0.400985521
chr2,60725903,60725923,60725906,TCCTCAGAGAACTGGCAGTC,-,observation,0.558100268,-0.406611742,-0.205370687,-0.568187889,0.297752352,0.384709882
chr2,60725911,60725931,60725914,TCTCTAGCTCCTCAGAGAAC,-,observation,-0.259068566,-0.796460874,-0.391857896,0.245709476,0.092659215,0.129770175
chr2,60725899,60725919,60725916,GCCAGACTGCCAGTTCTCTG,+,observation,0.43464498,-0.011532161,-0.346680806,-0.550448603,-0.204833165,-1.337346006
chr2,60725915,60725935,60725932,TCTGAGGAGCTAGAGACTTG,+,observation,0.782764661,1.615368948,-0.184953327,-1.24120828,0.561993181,0.028249307
chr2,60725922,60725942,60725939,AGCTAGAGACTTGTGGCTTA,+,observation,-0.471643636,0.302675684,-0.110959311,-0.167756867,0.222314884,-0.06837372
chr2,60725937,60725957,60725954,GCTTAAGGAAGCCTCTCTGA,+,observation,-0.325411055,1.796561304,-0.43703863,-0.122853136,-0.234528112,-0.596475578
chr2,60725951,60725971,60725954,TATTAGTACATCCATCAGAG,-,observation,1.072884776,0.509920307,-0.709224497,-0.270887922,-0.356055167,0.023078561
chr2,60725982,60726002,60725985,GTAATTCAAATGTATGTATA,-,observation,-0.894244345,0.012340307,-0.97765669,-0.249072308,-0.613981197,-0.481318664
chr2,60726004,60726024,60726007,TGAGTTTGATCAAGATTTAC,-,observation,-0.29292792,-0.017763204,-0.371422107,0.121918808,0.078594153,0.325331205
chr2,60726036,60726056,60726039,AACGTAGTTTCTGGATGAGT,-,observation,-1.009855377,0.481698955,-2.120619084,-0.354508953,-0.519997685,0.091315167
chr2,60726045,60726065,60726048,TATTAGACAAACGTAGTTTC,-,observation,-0.116038013,-0.276296299,-1.611711441,-0.425566858,-0.300202602,0.141440223
chr2,60726049,60726069,60726066,CTACGTTTGTCTAATAGAAC,+,observation,0.036456571,-0.976837948,0.265789422,0.101103501,-0.01808755,-0.209252673
chr2,60726056,60726076,60726073,TGTCTAATAGAACAGGAAGC,+,observation,-1.480551892,-0.099979185,-0.099979185,-0.231074393,0.795703994,-0.35616516
chr2,60726059,60726079,60726076,CTAATAGAACAGGAAGCAGG,+,observation,-0.418908342,1.637589795,0.038927417,-0.293035324,0.100426534,0.286743954
chr2,60726062,60726082,60726079,ATAGAACAGGAAGCAGGTGG,+,observation,1.164425233,-0.493012965,0.220651741,0.718896166,-0.001168995,-0.249283529
NA,NA,NA,NA,AAACGGTACGACAGCGTGTG,NA,negative_control,0.325016095,-1.249849521,0.47038669,-0.044495786,-0.158618866,0.694279763
NA,NA,NA,NA,AACTAGCCCGAGCAGCTTCG,NA,negative_control,-1.375033381,1.02819889,-0.966001802,0.181584529,-0.540318452,-1.041477948
NA,NA,NA,NA,AAGAGCGAATCGATTTCGTG,NA,negative_control,-0.37982831,0.053211706,0.152590046,-0.451393778,-0.105774392,0.028647211
NA,NA,NA,NA,AAGAGTAGTAGACGCCCGGG,NA,negative_control,-0.573711156,-0.341883598,-1.882695476,-0.021494576,-0.40012329,-0.021494576
NA,NA,NA,NA,AAGGCGCGCGAATGTGGCAG,NA,negative_control,-0.493459492,0.171207614,0.237056719,0.202231117,-0.010919445,-0.874108748
NA,NA,NA,NA,AATCGACTCGAACTTCGTGT,NA,negative_control,0.027747947,-0.079446165,-0.551495957,-0.588282899,-0.773113941,0.444642706
NA,NA,NA,NA,ACATAGTCGACGGCTCGATT,NA,negative_control,-0.036725875,0.528362631,0.140022872,0.159226156,-0.366203238,0.030687534
NA,NA,NA,NA,ACCCTCCGAATCGTAACGGA,NA,negative_control,0.019064311,0.336254732,-0.430459597,-0.552686585,-0.251508441,-0.285910585
NA,NA,NA,NA,ACGGAGGCTAAGCGTCGCAA,NA,negative_control,3.6849485,2.030847455,2.124078901,-0.353436896,-0.3379302,-0.721262769
NA,NA,NA,NA,ACGGGCGGCTATCGCTGACT,NA,negative_control,-2.754064875,0.112380512,0.68413674,0.089680279,0.221010349,-0.641795022
NA,NA,NA,NA,ACGTCCATACTGTCGGCTAC,NA,negative_control,-0.30425078,-0.680306666,-0.149927803,-0.162101698,-0.056751516,0.035024693
NA,NA,NA,NA,ACGTCGTTTAGCACCCGGCT,NA,negative_control,1.14235762,-0.869117684,0.056034811,-0.431554188,-0.244973607,-0.405988486
NA,NA,NA,NA,ACGTTCGAGTACGACCAGCT,NA,negative_control,-0.297945384,1.047875513,-0.058797277,-0.071190528,-0.056079525,-0.102194002
NA,NA,NA,NA,ACTGCGGAGCGCCCAATATC,NA,negative_control,-0.055678514,-0.591188703,0.652820693,-0.312033235,0.089672597,-0.294466034
NA,NA,NA,NA,ACTTCAGTTCGGCGTAGTCA,NA,negative_control,0.546808377,0.106430329,0.486494831,0.319920902,-0.320467448,0.149355823
NA,NA,NA,NA,AGACACGTCACCGGTCAAAA,NA,negative_control,-1.101992375,-0.587212675,-0.03808838,-0.59518206,-0.24953397,-0.146218776
NA,NA,NA,NA,AGCACGTAATGTCCGTGGAT,NA,negative_control,-1.209339953,-0.546201395,-0.805833787,-0.530362831,-0.086138766,0.510570098
NA,NA,NA,NA,AGCGCAGATAGCGCGTATCA,NA,negative_control,-0.974790037,-1.183693919,0.046192481,-0.015881446,0.13005425,-0.236425826
NA,NA,NA,NA,AGCTCCATCGCCGCGATAAT,NA,negative_control,0.671190613,-0.344572226,0.014684921,-0.248012341,0.221916916,-0.256634477
NA,NA,NA,NA,AGCTCGCCATGTCGGTTCTC,NA,negative_control,-3.051318081,0.182635596,-0.270784619,-0.206288319,-0.50760594,0.146314237
NA,NA,NA,NA,AGGGCACCCGGTTCATACGC,NA,negative_control,0.470308657,-0.022130004,-0.289601497,-0.896883067,0.037386596,-0.210671516
NA,NA,NA,NA,ATAATCCGGAAACGCTCGAC,NA,negative_control,-1.542132505,-0.982019496,0.041400307,0.425478413,-0.406560143,-0.728487372
NA,NA,NA,NA,ATAGCCGCCGCTCATTACTT,NA,negative_control,-0.668496011,-0.902875206,-0.271478499,0.380343303,0.15923857,-1.223775308
NA,NA,NA,NA,ATCGTATCATCAGCTAGCGC,NA,negative_control,-1.284606177,0.408706173,-0.65573736,0.010867551,0.170749645,0.665088689
NA,NA,NA,NA,ATCGTTTCCGCTTAACGGCG,NA,negative_control,0.721658459,-0.070557819,0.395124917,-0.400081471,-0.290126204,0.103927202
NA,NA,NA,NA,ATCTCGGGTCGACTGCGGAT,NA,negative_control,-0.710585678,-0.944674272,-0.321797282,0.269956046,-0.361817652,-0.872096814
NA,NA,NA,NA,ATCTGTCCTAATTCGGATCG,NA,negative_control,1.582910281,-0.822320168,-0.966871443,-0.290830599,-0.144648815,0.64998827
NA,NA,NA,NA,CAACGGGTTCTCCCGGCTAC,NA,negative_control,0.352422661,0.332883923,0.806443292,0.422914323,0.006637336,-0.913103302
NA,NA,NA,NA,CAAGACCTTATCGTGCAGCG,NA,negative_control,-0.164113916,-0.401235635,-0.27471244,-0.975522623,-0.117930053,-0.078302857
NA,NA,NA,NA,CACGAACTCACACCGCGCGA,NA,negative_control,-1.020153253,-1.307910604,-0.13464738,-0.35827524,0.353242276,-0.205046806
NA,NA,NA,NA,CACGGCCTAACTTGCTGATA,NA,negative_control,0.329722146,-0.958777156,0.085061387,0.016860329,-0.076700206,0.391159955
NA,NA,NA,NA,CAGGAGTCGCCGATACGCGT,NA,negative_control,-0.435441991,-1.025505772,-0.462257279,-0.236190533,-0.017353785,-0.478299691
NA,NA,NA,NA,CATTGTTGAGCGGGCGCGCT,NA,negative_control,-0.495343818,-0.51795593,-0.685814787,-0.217986674,-0.330350766,-0.141185808
NA,NA,NA,NA,CCATATCGGGGCGAGACATG,NA,negative_control,0.252953058,-0.561930415,-0.207329305,-0.177855187,-0.168361306,0.738384487
NA,NA,NA,NA,CCCGATGGACTATACCGAAC,NA,negative_control,-0.396315342,0.424460442,0.231255481,0.068735289,-0.167621891,0.154027553
NA,NA,NA,NA,CCGCTATTGAAACCGCCCAC,NA,negative_control,-0.786575649,-0.462530204,0.0199129,-0.149336494,0.289941876,-0.529900702
NA,NA,NA,NA,CCGGGAGATTAACGTTAATT,NA,negative_control,-0.996852803,0.704553771,-0.158112397,0.145826991,-0.29368138,-0.078430894
NA,NA,NA,NA,CCGTTGGACTATGGCGGGTC,NA,negative_control,-0.559385836,-0.798752019,-0.946931372,-0.111785458,-0.095901398,-0.602525022
NA,NA,NA,NA,CCTCCGTGCTAACGCGGACG,NA,negative_control,-0.645097732,-0.668236216,0.019258992,0.048800912,-0.053174976,0.448215972
NA,NA,NA,NA,CCTCGGGCGTAAATACTCAT,NA,negative_control,-1.145344665,-0.732820883,-0.573998806,-0.384556142,-0.438676577,0.194957507
NA,NA,NA,NA,CGAACTTAATCCCGTGGCAA,NA,negative_control,-0.488771353,-0.753084644,0.446569029,-0.384829921,-0.39235764,-0.770349365
NA,NA,NA,NA,CGACGCTAGGTAACGTAGAG,NA,negative_control,0.610992952,-0.201422453,-0.027194164,-0.257629389,0.018549332,0.297341165
NA,NA,NA,NA,CGAGTGTTATACGCACCGTT,NA,negative_control,1.204118566,-1.192583373,0.045318795,-0.461217057,-0.269668391,0.32875396
NA,NA,NA,NA,CGCAAGGTGTCGGTAACCCT,NA,negative_control,-0.014485886,-1.300980937,-0.416521241,-0.122120131,0.245729872,-0.127377779
NA,NA,NA,NA,CGCAGTACGTATAGACTTAA,NA,negative_control,-0.853454346,-1.173262923,0.557601866,-0.339494475,-0.011264687,0.547811625
NA,NA,NA,NA,CGCCGGGACCGTTAGGGAAT,NA,negative_control,-1.684713664,-1.036519779,0.42470627,-0.590355177,-0.162621292,0.10626525
NA,NA,NA,NA,CGCCGGGCTGACAATTAACG,NA,negative_control,-0.169452259,0.094150571,0.163968921,-0.128020615,-0.284239349,-0.23138515
NA,NA,NA,NA,CGCCGTTCCGAGATACTTGA,NA,negative_control,-0.400297811,-0.368880388,-0.40666563,-0.425545265,-0.221383607,-0.431557251
NA,NA,NA,NA,CGCCTAATTTCCGGATCAAT,NA,negative_control,-0.273568682,-1.936847778,0.027686956,-0.350423038,-0.134917011,-0.481089917
NA,NA,NA,NA,CGCGACGACTCAACCTAGTC,NA,negative_control,0.74101516,-0.534795359,0.459772493,-0.691778894,-0.738665051,-0.219203279
NA,NA,NA,NA,CGCGGCCCACGCGTCATCGC,NA,negative_control,-0.774849238,-0.284079736,0.566248194,-0.292449975,0.092670133,-0.082519383
NA,NA,NA,NA,CGCTAGGTCCGGTAAGTGCG,NA,negative_control,0.460686597,-0.247172516,-0.072237847,-0.074322975,-0.892439906,0.21565049
NA,NA,NA,NA,CGCTAGTACGCTCCTCTATA,NA,negative_control,-0.324633833,-0.867181498,0.55835495,-0.271617252,-0.419803437,-0.036078574
NA,NA,NA,NA,CGCTTCCGCGGCCCGTTCAA,NA,negative_control,0.144579691,-0.331876812,-0.426305105,0.037631582,-0.44905164,-0.258773087
NA,NA,NA,NA,CGGAGTAACAAGCGGACGGA,NA,negative_control,-0.756156321,0.222027425,-0.269495694,-0.180402721,-0.406293728,-0.348249608
NA,NA,NA,NA,CGGCTCGTTCTACGCACTGA,NA,negative_control,0.07115731,-1.079063976,0.310647293,0.150665813,0.41773737,0.09526471
NA,NA,NA,NA,CGGGACGTCGCGAAAATGTA,NA,negative_control,-0.822914994,0.405728695,-0.017456906,-0.164617722,-0.053881918,-0.125157027
NA,NA,NA,NA,CGGGCCTATAACACCATCGA,NA,negative_control,-1.54274975,0.022862284,0.244271312,-0.124475541,-0.184195198,-0.026472326
NA,NA,NA,NA,CGGTAGTATTAATCGCTGAC,NA,negative_control,0.107548022,0.360239731,-0.100480104,-0.346595365,-0.184426313,-0.324035103
NA,NA,NA,NA,CGTATTCGACTCTCAACGCG,NA,negative_control,0.203251015,-0.133381129,0.108893283,-0.415770169,-0.438899787,-0.209784195
NA,NA,NA,NA,CGTCGAGTGCTCGAACTCCA,NA,negative_control,-0.730491352,0.286260089,0.158960532,-0.282964407,-0.126440714,0.111342922
NA,NA,NA,NA,CGTCGCCATATGCCGGTGGC,NA,negative_control,-0.85137482,0.201389942,-0.028364214,0.160130188,-0.192732662,-0.544605087
NA,NA,NA,NA,CGTGGCCGGAACCGTCATAG,NA,negative_control,0.188770486,-0.380471624,-0.354475964,0.027005473,-0.161853858,-0.42272219
NA,NA,NA,NA,CTAGCCGCCCAGATCGAGCC,NA,negative_control,0.518576816,0.613271369,-0.141696259,0.107553378,-0.103375121,-0.946814031
NA,NA,NA,NA,CTATCTCGAGTGGTAATGCG,NA,negative_control,0.22308441,-0.517314528,0.267673838,-0.185766922,-0.168490593,0.008526579
NA,NA,NA,NA,CTCAACCGACCGTATGGTCA,NA,negative_control,-1.08531092,-1.764631602,-0.150890421,-0.013081464,-0.420016359,0.261389764
NA,NA,NA,NA,CTCGACAGTTCGTCCCGAGC,NA,negative_control,0.927152351,-0.257070381,1.158154506,-0.048268318,0.143298314,-0.140772393
NA,NA,NA,NA,CTTACAATCGTCGGTCCAAT,NA,negative_control,-0.737726889,-0.06794294,-0.334703939,-0.324463564,-0.280442217,0.150475197
NA,NA,NA,NA,CTTCGACGCCATCGTGCTCA,NA,negative_control,-0.524897973,-1.168631178,-0.312796372,-0.086530804,-0.604826991,0.578253998
NA,NA,NA,NA,CTTGTTGCGTATACGAGACT,NA,negative_control,-0.472113049,1.284848916,-0.002246852,-0.084654359,-0.092765834,0.082914876
NA,NA,NA,NA,GAACGCCGCTCAAGTTGATA,NA,negative_control,0.483414334,-0.649373932,0.153269152,-0.692274647,-0.194464342,-0.916209505
NA,NA,NA,NA,GAATCGACCGACACTAATGT,NA,negative_control,-0.258445698,0.743899232,0.429609259,-0.125980181,-0.080968009,-0.12380902
NA,NA,NA,NA,GATGGCGCTTCAGTCGTCGG,NA,negative_control,0.410530332,-1.210242295,0.028229497,-0.63023078,-0.206789035,-0.379740833
NA,NA,NA,NA,GCAAACCCGAGTGACACGTC,NA,negative_control,-0.894943955,-0.15376418,0.589302309,-0.177804415,-0.3625212,-0.23971743
NA,NA,NA,NA,GCCGTGTTGCTGGATACGCC,NA,negative_control,0.37470606,0.439706824,-0.417412887,-0.076647627,-0.578773735,-0.472951361
NA,NA,NA,NA,GCGAACCCCGTAGCCAGGCT,NA,negative_control,-0.351445168,-0.477400132,0.18260095,-0.508710452,-0.211009284,-0.80870835
NA,NA,NA,NA,GCGTGCGTCCCGGGTTACCC,NA,negative_control,-0.434734338,1.430130221,0.433090152,-0.031371858,-0.357747292,-0.394264408
NA,NA,NA,NA,GGAGTGGTCCCGTACGCAAC,NA,negative_control,0.253548776,-0.001917744,-0.667450642,-0.110684198,0.269723851,0.029988478
NA,NA,NA,NA,GGGCCCGCATAGGATATCGC,NA,negative_control,1.023690578,-0.389506149,0.110451799,0.098360526,-0.342581602,-1.088129497
NA,NA,NA,NA,GGTCACCGATCGAGAGCTAG,NA,negative_control,-1.727554811,0.21432803,-0.001514769,0.108542089,-0.133670401,-0.347005645
NA,NA,NA,NA,GGTTAGAGACTAGGCGCGCG,NA,negative_control,-1.466491599,0.117605414,-0.845258444,-0.313426774,-0.46731264,-0.733508421
NA,NA,NA,NA,GTACCATACCGCGTACCCTT,NA,negative_control,-0.499530713,0.132875568,0.041834315,-0.074762712,0.386729862,-0.044608351
NA,NA,NA,NA,GTACCATTGCCGGCTCCCTA,NA,negative_control,-0.509649514,0.288005023,0.785981603,-0.341296635,-1.26641412,-0.950839741
NA,NA,NA,NA,GTACCCCTATGGCCGTTCTA,NA,negative_control,-1.902763362,-0.709289662,0.737056221,0.068515732,-0.082115751,-0.824330279
NA,NA,NA,NA,GTACGGGGCGATCATCCACA,NA,negative_control,-1.957812037,0.117905202,-0.067400048,-0.101554902,0.630485652,-0.142083617
NA,NA,NA,NA,GTAGACGTCGTGAGCTTCAC,NA,negative_control,-1.083536085,-0.771786056,0.371759608,-0.272962859,-0.367848509,0.330925293
NA,NA,NA,NA,GTAGGCGCGCCGCTCTCTAC,NA,negative_control,-0.589514143,0.277025932,0.243518919,-0.283235239,0.192820314,-0.967355946
NA,NA,NA,NA,GTCGTCCGGGATTACAAAAT,NA,negative_control,-0.959817583,-0.37337337,-0.290203943,-0.01453961,-0.400242154,-1.435378804
NA,NA,NA,NA,GTGCGATGTCGCTTCAACGT,NA,negative_control,0.845038447,0.046104858,-0.636069234,-0.582834303,-0.008997457,0.62632642
NA,NA,NA,NA,GTGTCGGATTCCGCCGCTTA,NA,negative_control,-1.065558369,0.525545015,0.058592861,-0.397576255,-0.427130124,-1.464435574
NA,NA,NA,NA,GTTCGCTTCGTAACGAGGAA,NA,negative_control,-1.472735404,-0.893330646,-0.561984822,0.012903166,-0.595151143,-0.167588344
NA,NA,NA,NA,TAAGATCCGCGGGTGGCAAC,NA,negative_control,0.630345175,-0.433066061,-0.29000008,-0.013056239,0.331727711,-0.284395559
NA,NA,NA,NA,TAATGCTGCACACGCCGAAT,NA,negative_control,0.099837507,0.606254341,-0.490118088,-0.343262826,-0.063551443,0.09996822
NA,NA,NA,NA,TACCCACGCGTATTCCATCT,NA,negative_control,-1.454787201,0.260738742,-0.264258099,-0.26914335,0.432298371,0.196085334
NA,NA,NA,NA,TACCCTCCGGATACGGACTG,NA,negative_control,-0.641362803,0.269857964,0.303214849,-0.42886779,0.211780168,-0.111864377
NA,NA,NA,NA,TACGCTTGCGTTTAGCGTCC,NA,negative_control,0.235707819,1.250776168,-0.234741108,-0.227240205,0.012047283,-0.131719852
NA,NA,NA,NA,TACTAACGCCGCTCCTACAG,NA,negative_control,-0.187010996,0.434400014,-0.689265561,-0.467202703,0.019848089,-0.534951305
NA,NA,NA,NA,TAGACAACCGCGGAGAATGC,NA,negative_control,-1.191113009,-0.773514511,-0.212706869,-0.09426971,-0.0395869,0.0306361
NA,NA,NA,NA,TATCGCTTCCGATTAGTCCG,NA,negative_control,-0.159308739,-0.407813131,-0.31531941,-0.284380154,-0.377803379,-0.317980469
NA,NA,NA,NA,TCCAGCGCGAGCTTACTCGT,NA,negative_control,0.180205051,-0.624611613,-0.190059294,-0.263496942,0.064594361,0.077216868
NA,NA,NA,NA,TCCTGGATACCGCGTGGTTA,NA,negative_control,-0.805728123,-1.01509332,-0.392844373,-0.158318121,0.050372219,0.036027386
NA,NA,NA,NA,TCGATCGAGGTTGCATTCGG,NA,negative_control,-0.492762773,1.067919768,-0.051102928,-0.269963559,0.291021183,0.249038003
NA,NA,NA,NA,TCGCAGCGGCGTGGGATCGG,NA,negative_control,-0.810522012,0.759606902,-0.241685023,-0.150007562,0.124763941,-0.012087719
NA,NA,NA,NA,TCGCGCTTGGGTTATACGCT,NA,negative_control,-1.338469369,0.792633554,-0.136164834,-0.111434662,-0.206917421,0.379576508
NA,NA,NA,NA,TCGCGGACATAGGGCTCTAA,NA,negative_control,-0.147347687,-1.148304701,0.083602411,0.164511775,-0.082691401,-0.555504293
NA,NA,NA,NA,TCGGCATACGGGACACACGC,NA,negative_control,-1.280802198,-0.195466637,0.347467764,0.118314351,0.117928555,0.365095498
NA,NA,NA,NA,TCTGGCTTGACACGACCGTT,NA,negative_control,-0.925804194,-0.161496978,-1.110050449,0.199888203,0.047442602,0.410756228
NA,NA,NA,NA,TGAACGCGTGTTTCCTTGCA,NA,negative_control,-0.343392761,-0.601369964,0.328085854,-0.163160401,0.167655298,0.292546834
NA,NA,NA,NA,TGAGGATCATGTCGAGCGCC,NA,negative_control,0.378313581,0.110742881,0.076828197,-0.365752183,0.089441715,-1.477199205
NA,NA,NA,NA,TGCGGCGTAATGCTTGAAAG,NA,negative_control,-0.1116935,0.768454981,-0.190343695,0.246054861,-0.332580494,-0.030736934
NA,NA,NA,NA,TGGTTCCGTAGGTCGGTATA,NA,negative_control,-0.378837591,-0.691736998,0.522503079,-0.169714495,-0.242795315,0.177127712
NA,NA,NA,NA,TTATCGCGTAGTGCTGACGT,NA,negative_control,-0.354993388,-1.077493328,0.311255908,-0.591174517,-0.721091375,0.629837738
NA,NA,NA,NA,TTCACGTCGTCTCGCGACCA,NA,negative_control,-1.133369204,-0.857955727,0.24001727,-0.076204155,-0.435525646,0.387493462
NA,NA,NA,NA,TTCGCACGATTGCACCTTGG,NA,negative_control,1.418520121,-1.046288211,0.068762648,-0.139961139,0.399014207,0.604760945
NA,NA,NA,NA,TTTACGATCTAGCGGCGTAG,NA,negative_control,0.142602249,0.251887743,0.020911158,-0.137517412,-0.32602248,0.377786989
NA,NA,NA,NA,TTTCAGGCTACGGGCGCGGG,NA,negative_control,0.638533927,-0.486413739,0.27537777,0.350276037,-0.178483895,-0.302518779