Chr,Start,Stop,sgRNA_Sequence,Strand,sgRNA_Type,Replicate1_Control_Count,Replicate2_Control_Count,Replicate3_Control_Count,Replicate4_Control_Count,Replicate5_Control_Count,Replicate6_Control_Count,Replicate1_Sample_Count,Replicate2_Sample_Count,Replicate3_Sample_Count,Replicate4_Sample_Count,Replicate5_Sample_Count,Replicate6_Sample_Count
,,,AAACGGTACGACAGCGTGTG,,negative_control,346,878,314,2050,2726,2968,439,231,1172,967,1504,6620
,,,AACTAGCCCGAGCAGCTTCG,,negative_control,372,535,263,901,1469,740,146,712,368,474,642,478
,,,AAGAGCGAATCGATTTCGTG,,negative_control,452,1692,481,2529,2934,2571,368,1145,1456,923,1663,3601
,,,AAGAGTAGTAGACGCCCGGG,,negative_control,61,182,57,362,546,16,42,93,40,179,262,12
,,,AAGGCGCGCGAATGTGGCAG,,negative_control,415,814,461,1682,2334,939,326,597,1448,948,1396,697
,,,AATCGACTCGAACTTCGTGT,,negative_control,339,861,298,1918,1896,2146,344,532,537,627,673,3973
,,,ACATAGTCGACGGCTCGATT,,negative_control,429,605,252,1271,2112,2021,426,570,757,707,1005,2818
,,,ACCCTCCGAATCGTAACGGA,,negative_control,234,882,230,1811,2100,1654,241,725,456,601,1086,1842
,,,ACGGAGGCTAAGCGTCGCAA,,negative_control,1419,1802,776,3333,4703,2289,18578,4807,9283,1262,2311,1924
,,,ACGGGCGGCTATCGCTGACT,,negative_control,302,927,121,1412,1943,691,46,647,520,738,1430,606
,,,ACGTCCATACTGTCGGCTAC,,negative_control,481,828,538,2300,3963,3359,409,347,1339,1005,2372,4757
,,,ACGTCGTTTAGCACCCGGCT,,negative_control,383,713,198,1956,1924,1106,858,260,568,708,991,1131
,,,ACGTTCGAGTACGACCAGCT,,negative_control,368,1288,560,2676,2785,3148,292,1769,1407,1282,1644,3993
,,,ACTGCGGAGCGCCCAATATC,,negative_control,671,1183,265,2243,2666,1476,662,530,1163,865,1733,1666
,,,ACTTCAGTTCGGCGTAGTCA,,negative_control,438,1568,325,1857,2633,2612,663,1115,1197,1144,1298,3927
,,,AGACACGTCACCGGTCAAAA,,negative_control,382,710,431,1627,1870,1137,191,300,1101,529,986,1376
,,,AGCACGTAATGTCCGTGGAT,,negative_control,376,1554,654,2705,2197,2886,158,706,1005,932,1264,5651
,,,AGCGCAGATAGCGCGTATCA,,negative_control,331,1048,274,1913,2210,1991,175,301,761,935,1483,2278
,,,AGCTCCATCGCCGCGATAAT,,negative_control,1114,1144,305,1764,1936,2072,1788,581,831,721,1376,2405
,,,AGCTCGCCATGTCGGTTCTC,,negative_control,225,679,377,1449,1754,912,30,499,863,604,754,1330
,,,AGGGCACCCGGTTCATACGC,,negative_control,381,1048,293,1745,1874,1250,523,679,631,453,1176,1479
,,,ATAATCCGGAAACGCTCGAC,,negative_control,196,207,175,316,885,294,65,65,496,213,404,240
,,,ATAGCCGCCGCTCATTACTT,,negative_control,283,467,179,777,1071,372,184,163,394,478,723,226
,,,ATCGTATCATCAGCTAGCGC,,negative_control,830,1088,556,2341,3544,4539,341,983,961,1157,2439,9858
,,,ATCGTTTCCGCTTAACGGCG,,negative_control,90,363,61,282,617,273,152,235,206,106,324,428
,,,ATCTCGGGTCGACTGCGGAT,,negative_control,636,854,453,1684,2407,1559,398,301,938,999,1139,1122
,,,ATCTGTCCTAATTCGGATCG,,negative_control,393,1316,434,2280,2821,2345,1210,510,589,905,1598,5098
,,,CAACGGGTTCTCCCGGCTAC,,negative_control,99,261,88,573,994,456,136,221,403,372,611,321
,,,CAAGACCTTATCGTGCAGCG,,negative_control,509,1021,289,1572,1938,2463,462,516,654,379,1112,3186
,,,CACGAACTCACACCGCGCGA,,negative_control,313,947,264,1887,1575,1510,170,242,614,712,1235,1783
,,,CACGGCCTAACTTGCTGATA,,negative_control,565,771,278,1603,2642,2215,719,255,790,794,1528,3916
,,,CAGGAGTCGCCGATACGCGT,,negative_control,655,1336,348,2154,2784,1444,506,438,668,928,1691,1434
,,,CATTGTTGAGCGGGCGCGCT,,negative_control,557,1270,559,2073,3309,2542,414,589,896,862,1621,3060
,,,CCATATCGGGGCGAGACATG,,negative_control,820,1668,488,2727,4036,3199,994,769,1112,1181,2188,7292
,,,CCCGATGGACTATACCGAAC,,negative_control,580,606,266,1667,1737,1372,449,548,829,858,953,2072
,,,CCGCTATTGAAACCGCCCAC,,negative_control,257,559,183,890,1368,790,146,276,492,400,1029,768
,,,CCGGGAGATTAACGTTAATT,,negative_control,340,837,253,1358,1939,1091,168,898,583,757,989,1398
,,,CCGTTGGACTATGGCGGGTC,,negative_control,144,300,143,936,986,422,100,113,199,423,572,380
,,,CCTCCGTGCTAACGCGGACG,,negative_control,487,1561,398,2070,2496,2514,314,626,1064,1040,1481,4646
,,,CCTCGGGCGTAAATACTCAT,,negative_control,423,1167,387,1777,3413,1103,189,459,677,683,1552,1730
,,,CGAACTTAATCCCGTGGCAA,,negative_control,247,971,257,1633,2112,821,178,382,966,626,984,648
,,,CGACGCTAGGTAACGTAGAG,,negative_control,480,899,281,1435,1937,1803,750,524,765,592,1202,3014
,,,CGAGTGTTATACGCACCGTT,,negative_control,413,2207,378,2373,2469,2867,956,643,1030,858,1236,4992
,,,CGCAAGGTGTCGGTAACCCT,,negative_control,724,1937,493,2346,3074,2729,717,529,993,1062,2250,3442
,,,CGCAGTACGTATAGACTTAA,,negative_control,490,1076,330,1570,2432,2517,273,311,1305,603,1473,4974
,,,CGCCGGGACCGTTAGGGAAT,,negative_control,473,1138,323,2333,3056,1825,139,373,1124,761,1693,2676
,,,CGCCGGGCTGACAATTAACG,,negative_control,595,1361,249,2079,3849,1402,547,945,760,934,1933,1596
,,,CGCCGTTCCGAGATACTTGA,,negative_control,258,652,227,906,1863,1567,200,332,439,326,978,1618
,,,CGCCTAATTTCCGGATCAAT,,negative_control,253,295,180,947,1564,931,222,52,467,365,876,908
,,,CGCGACGACTCAACCTAGTC,,negative_control,518,1005,243,1500,2726,1861,883,462,878,459,1016,2151
,,,CGCGGCCCACGCGTCATCGC,,negative_control,601,1369,387,3137,3898,4172,336,719,1543,1235,2559,5371
,,,CGCTAGGTCCGGTAAGTGCG,,negative_control,291,1228,316,2080,3581,2181,402,688,806,941,1176,3425
,,,CGCTAGTACGCTCCTCTATA,,negative_control,356,878,239,2444,2979,2894,295,304,934,1017,1391,3837
,,,CGCTTCCGCGGCCCGTTCAA,,negative_control,178,355,219,678,1000,407,190,189,435,337,477,474
,,,CGGAGTAACAAGCGGACGGA,,negative_control,401,945,268,1734,2612,2141,226,723,606,746,1225,2247
,,,CGGCTCGTTCTACGCACTGA,,negative_control,325,1138,387,2065,1872,2497,352,354,1340,1138,1541,3698
,,,CGGGACGTCGCGAAAATGTA,,negative_control,673,850,509,2500,3602,3396,378,737,1399,1117,2121,4323
,,,CGGGCCTATAACACCATCGA,,negative_control,289,666,116,1659,1903,944,111,446,363,767,1036,1222
,,,CGGTAGTATTAATCGCTGAC,,negative_control,425,242,190,1514,1651,1433,475,213,495,585,889,1519
,,,CGTATTCGACTCTCAACGCG,,negative_control,228,787,322,1875,2037,1539,283,495,901,689,945,1814
,,,CGTCGAGTGCTCGAACTCCA,,negative_control,518,959,338,1868,2512,1463,317,774,976,746,1408,2156
,,,CGTCGCCATATGCCGGTGGC,,negative_control,480,1002,343,1594,2021,1776,267,791,909,905,1062,1641
,,,CGTGGCCGGAACCGTCATAG,,negative_control,583,1023,452,1717,2851,1784,696,520,955,866,1590,1800
,,,CTAGCCGCCCAGATCGAGCC,,negative_control,189,993,194,1076,1877,843,290,995,471,588,1069,601
,,,CTATCTCGAGTGGTAATGCG,,negative_control,214,486,358,1481,2432,2383,255,216,1190,618,1340,3300
,,,CTCAACCGACCGTATGGTCA,,negative_control,318,816,314,1227,1777,1840,153,168,750,609,828,2980
,,,CTCGACAGTTCGTCCCGAGC,,negative_control,144,89,67,580,1014,708,264,44,399,289,694,870
,,,CTTACAATCGTCGGTCCAAT,,negative_control,830,1564,798,4193,4466,4631,488,992,1696,1668,2273,6934
,,,CTTCGACGCCATCGTGCTCA,,negative_control,545,2134,307,2518,3717,2608,394,606,678,1146,1499,5234
,,,CTTGTTGCGTATACGAGACT,,negative_control,849,1032,457,1973,3325,4771,603,1664,1224,930,1907,7044
,,,GAACGCCGCTCAAGTTGATA,,negative_control,133,219,134,875,1129,346,196,95,401,274,602,250
,,,GAATCGACCGACACTAATGT,,negative_control,757,1909,306,2089,2865,3107,624,2147,1086,925,1668,3904
,,,GATGGCGCTTCAGTCGTCGG,,negative_control,188,1093,178,1053,1344,597,264,303,486,354,708,597
,,,GCAAACCCGAGTGACACGTC,,negative_control,308,754,167,965,1224,1308,171,459,687,417,594,1500
,,,GCCGTGTTGCTGGATACGCC,,negative_control,675,889,474,1690,4171,2855,888,754,926,794,1706,2881
,,,GCGAACCCCGTAGCCAGGCT,,negative_control,315,495,179,1876,2376,802,256,250,529,633,1237,632
,,,GCGTGCGTCCCGGGTTACCC,,negative_control,443,1458,332,1750,3371,1953,337,2596,1191,839,1633,2007
,,,GGAGTGGTCCCGTACGCAAC,,negative_control,435,704,371,1731,2119,1849,530,455,627,773,1556,2573
,,,GGGCCCGCATAGGATATCGC,,negative_control,155,272,107,495,1065,217,323,143,300,255,529,128
,,,GGTCACCGATCGAGAGCTAG,,negative_control,386,1072,167,1642,1904,1832,123,812,461,893,1096,1963
,,,GGTTAGAGACTAGGCGCGCG,,negative_control,134,439,219,1021,1671,581,49,298,345,410,747,492
,,,GTACCATACCGCGTACCCTT,,negative_control,437,816,320,1497,1318,1668,327,595,855,692,1063,2204
,,,GTACCATTGCCGGCTCCCTA,,negative_control,208,170,44,449,813,52,152,138,201,181,203,37
,,,GTACCCCTATGGCCGTTCTA,,negative_control,278,459,246,879,1684,420,78,186,1055,459,1008,314
,,,GTACGGGGCGATCATCCACA,,negative_control,440,1102,361,1579,1740,1682,119,808,913,741,1648,2029
,,,GTAGACGTCGTGAGCTTCAC,,negative_control,415,1246,276,2724,2396,3751,197,475,976,1095,1157,6383
,,,GTAGGCGCGCCGCTCTCTAC,,negative_control,421,1083,269,1529,1496,846,291,872,871,623,1040,588
,,,GTCGTCCGGGATTACAAAAT,,negative_control,327,408,296,1389,1300,334,172,197,652,682,608,165
,,,GTGCGATGTCGCTTCAACGT,,negative_control,507,1917,511,2229,2917,4068,916,1314,907,757,1776,8486
,,,GTGTCGGATTCCGCCGCTTA,,negative_control,178,486,186,1140,1372,418,85,474,503,436,625,210
,,,GTTCGCTTCGTAACGAGGAA,,negative_control,647,1034,533,2322,3524,3102,239,364,966,1134,1425,3726
,,,TAAGATCCGCGGGTGGCAAC,,negative_control,329,1120,525,2208,2609,2398,523,553,1176,1055,2039,2717
,,,TAATGCTGCACACGCCGAAT,,negative_control,854,1858,618,3218,5212,3915,924,1888,1177,1255,3083,5718
,,,TACCCACGCGTATTCCATCT,,negative_control,693,2148,415,4066,3152,4811,251,1726,914,1615,2638,7430
,,,TACCCTCCGGATACGGACTG,,negative_control,147,619,161,821,892,937,91,473,539,299,649,1172
,,,TACGCTTGCGTTTAGCGTCC,,negative_control,428,618,257,1987,1789,3737,512,967,581,812,1101,4643
,,,TACTAACGCCGCTCCTACAG,,negative_control,389,1020,668,2103,2890,2097,350,927,1096,761,1804,1938
,,,TAGACAACCGCGGAGAATGC,,negative_control,321,1072,260,1381,1540,1431,146,412,608,647,935,1985
,,,TATCGCTTCCGATTAGTCCG,,negative_control,479,1532,429,2109,3499,3410,437,757,881,864,1651,3710
,,,TCCAGCGCGAGCTTACTCGT,,negative_control,537,659,421,1513,2530,2656,606,280,1031,635,1606,3770
,,,TCCTGGATACCGCGTGGTTA,,negative_control,520,2200,494,2038,2915,3380,298,723,1007,911,1869,4758
,,,TCGATCGAGGTTGCATTCGG,,negative_control,825,1690,630,2621,3424,3933,595,2336,1592,1052,2567,6382
,,,TCGCAGCGGCGTGGGATCGG,,negative_control,548,1008,552,2559,3355,3368,318,1135,1288,1126,2218,4486
,,,TCGCGCTTGGGTTATACGCT,,negative_control,621,1668,621,3143,3708,3546,265,1884,1485,1403,1952,6344
,,,TCGCGGACATAGGGCTCTAA,,negative_control,275,431,229,826,1596,1215,251,126,641,458,920,1119
,,,TCGGCATACGGGACACACGC,,negative_control,609,2489,488,2936,3453,4792,271,1416,1668,1555,2298,8535
,,,TCTGGCTTGACACGACCGTT,,negative_control,149,473,310,1404,1863,2680,83,285,378,797,1181,4907
,,,TGAACGCGTGTTTCCTTGCA,,negative_control,658,1569,410,2075,3698,4128,546,702,1361,902,2572,6876
,,,TGAGGATCATGTCGAGCGCC,,negative_control,382,1106,427,2341,2492,6097,492,796,1232,880,1652,2986
,,,TGCGGCGTAATGCTTGAAAG,,negative_control,566,1422,514,2087,4229,3653,555,1558,1248,1207,2077,4890
,,,TGGTTCCGTAGGTCGGTATA,,negative_control,478,1304,286,1944,3484,1939,366,525,1082,871,1817,3088
,,,TTATCGCGTAGTGCTGACGT,,negative_control,503,437,264,2014,2935,3939,394,134,847,659,1080,8271
,,,TTCACGTCGTCTCGCGACCA,,negative_control,606,1422,402,2668,4035,4203,281,531,1252,1252,1829,7579
,,,TTCGCACGATTGCACCTTGG,,negative_control,641,872,354,2403,2918,3058,1781,267,1000,1084,2382,6221
,,,TTTACGATCTAGCGGCGTAG,,negative_control,594,709,276,1510,2132,2333,666,584,770,666,1019,4158
,,,TTTCAGGCTACGGGCGCGGG,,negative_control,152,421,96,880,942,371,262,203,288,548,520,399
chr2,60717499,60717519,AGCTCTGGAATGATGGCTTA,-,observation,272,523,401,2076,2372,1709,116,341,781,946,1284,1935
chr2,60717506,60717526,ATTGTGGAGCTCTGGAATGA,-,observation,312,705,433,1606,1721,1259,385,195,1349,787,1074,1196
chr2,60717514,60717534,GGAGTTGGATTGTGGAGCTC,-,observation,73,146,144,790,1050,253,11,101,347,375,518,192
chr2,60717522,60717542,AGAAAATTGGAGTTGGATTG,-,observation,266,978,333,1186,2012,633,196,465,839,642,1089,935
chr2,60717529,60717549,CTGGAATAGAAAATTGGAGT,-,observation,150,597,164,1076,1047,716,75,357,628,679,690,475
chr2,60717535,60717555,CTAAGACTGGAATAGAAAAT,-,observation,400,500,221,1191,1858,658,222,207,544,628,1086,522
chr2,60717548,60717568,TGGGTACGGGGAACTAAGAC,-,observation,115,488,141,538,1414,1046,55,304,413,365,620,1659
chr2,60717551,60717571,TTAGTTCCCCGTACCCATCA,+,observation,343,491,201,1138,1721,1085,406,237,713,590,958,1574
chr2,60717601,60717621,GGAAGGAAATGAGAACGGAA,-,observation,68,210,51,1102,1181,435,53,143,309,486,987,292
chr2,60717601,60717621,TTCCGTTCTCATTTCCTTCC,+,observation,202,1219,207,1569,2006,1884,117,300,627,604,1315,3627
chr2,60717602,60717622,AGGAAGGAAATGAGAACGGA,-,observation,236,493,270,828,1498,725,86,236,687,386,925,1118
chr2,60717606,60717626,AGCCAGGAAGGAAATGAGAA,-,observation,169,114,248,1047,1828,642,74,61,486,700,1142,632
chr2,60717618,60717638,AAGAAGAAGAAAAGCCAGGA,-,observation,23,76,50,411,456,71,73,27,136,214,231,44
chr2,60717622,60717642,AGAGAAGAAGAAGAAAAGCC,-,observation,73,246,93,497,717,112,31,277,245,182,430,59
chr2,60717629,60717649,CTTCTTCTTCTCTTACCTCC,+,observation,211,424,56,916,1073,597,179,232,391,420,484,737
chr2,60717647,60717667,AGTATGAGCAGGATTCCAGG,-,observation,272,839,295,2128,1970,1420,515,384,973,901,1676,1917
chr2,60717650,60717670,GGAATCCTGCTCATACTTCA,+,observation,125,479,203,972,1353,595,171,167,359,488,784,777
chr2,60717650,60717670,TGAAGTATGAGCAGGATTCC,-,observation,411,925,385,1941,2161,2239,407,442,957,771,1301,2879
chr2,60717658,60717678,TGAGGCCTTGAAGTATGAGC,-,observation,386,1558,308,1785,2433,2278,283,723,724,834,1769,4054
chr2,60717662,60717682,ATACTTCAAGGCCTCAATGA,+,observation,418,1325,542,1802,1931,1605,355,709,924,767,1359,2515
chr2,60717676,60717696,GACTAGGTAGACCTTCATTG,-,observation,258,562,301,767,743,1332,149,152,783,400,459,1636
chr2,60717692,60717712,TTCTTCTTGCTAAGGTGACT,-,observation,255,648,342,1646,2737,2657,194,256,867,1022,1297,5004
chr2,60717700,60717720,GAGATTGATTCTTCTTGCTA,-,observation,175,374,246,724,1208,770,592,174,523,448,1038,837
chr2,60717725,60717745,GTGTTCTATGAGGTTGGAGA,-,observation,215,790,383,894,1500,993,221,372,843,408,927,991
chr2,60717731,60717751,GGATGAGTGTTCTATGAGGT,-,observation,166,333,111,809,742,607,126,136,297,230,436,974
chr2,60717735,60717755,CATGGGATGAGTGTTCTATG,-,observation,521,1986,361,2636,4356,3932,2259,699,1231,1127,1976,6430
chr2,60717752,60717772,TGAGTCAGGGAGTGGTGCAT,-,observation,579,930,653,3428,4060,4931,397,802,1157,1649,2439,7913
chr2,60717753,60717773,ATGAGTCAGGGAGTGGTGCA,-,observation,803,1496,646,2561,3366,5515,940,733,1667,1376,2545,8828
chr2,60717757,60717777,CCACTCCCTGACTCATATCT,+,observation,397,756,378,1741,2086,1411,148,902,744,620,1461,2072
chr2,60717760,60717780,CCTAGATATGAGTCAGGGAG,-,observation,320,548,230,1201,1834,1255,313,620,608,690,844,2097
chr2,60717765,60717785,TAAGGCCTAGATATGAGTCA,-,observation,601,855,448,2359,2640,2652,835,1241,1108,954,1619,3327
chr2,60717766,60717786,GTAAGGCCTAGATATGAGTC,-,observation,277,876,384,1589,3172,2409,245,372,791,697,891,3728
chr2,60717771,60717791,ATATCTAGGCCTTACATTGC,+,observation,190,306,121,941,766,1023,248,302,244,353,375,2865
chr2,60717783,60717803,GAGGGTTAACCAGCAATGTA,-,observation,298,710,352,1371,2301,1264,403,565,688,483,1231,1635
chr2,60717801,60717821,AAATTAATTAGAGGCATAGA,-,observation,215,427,206,744,1220,315,268,285,401,364,875,254
chr2,60717802,60717822,GAAATTAATTAGAGGCATAG,-,observation,277,257,154,1012,1321,355,277,774,324,499,703,185
chr2,60717810,60717830,GAACACATGAAATTAATTAG,-,observation,136,419,108,643,1030,367,52,513,425,291,858,368
chr2,60717830,60717850,CCAATGAGTTTCTTCAATAC,+,observation,326,432,137,945,1246,876,438,169,383,362,736,1003
chr2,60717831,60717851,CAATGAGTTTCTTCAATACA,+,observation,236,554,281,1591,1825,1044,239,453,575,579,1156,1331
chr2,60717832,60717852,CTGTATTGAAGAAACTCATT,-,observation,570,1434,230,1832,2838,1885,434,886,570,922,1475,2193
chr2,60717833,60717853,CCTGTATTGAAGAAACTCAT,-,observation,603,1235,589,1988,3241,1737,511,586,1244,1114,1605,1461
chr2,60717866,60717886,CAAATATAATAGAAGCAAGT,-,observation,146,298,112,1180,1782,610,169,101,296,514,731,578
chr2,60717895,60717915,TATCATGTCACATGCTGTGC,-,observation,497,472,317,1690,1861,3166,325,226,977,819,1243,5431
chr2,60717907,60717927,ACATGATATTCATATATTCT,+,observation,248,486,350,1869,2700,1083,257,277,937,643,2227,1328
chr2,60717953,60717973,GACTGATTTACCTTCCTAAA,+,observation,288,747,135,1527,1789,1016,321,1040,493,624,1156,865
chr2,60717954,60717974,ACTGATTTACCTTCCTAAAA,+,observation,305,523,145,949,921,532,221,273,610,431,1015,444
chr2,60717991,60718011,AATATCATTTCTGTTCAAAA,+,observation,250,412,108,672,1158,729,173,640,274,264,600,584
chr2,60718026,60718046,ACTGTTTGTGGGTGCTAAGA,-,observation,236,678,305,1786,2132,1392,153,374,561,538,740,1815
chr2,60718037,60718057,ATCAGAAGGGAACTGTTTGT,-,observation,280,435,244,1423,1738,1489,403,102,903,714,1799,2281
chr2,60718038,60718058,TATCAGAAGGGAACTGTTTG,-,observation,539,967,239,1867,2340,2146,988,844,667,796,2117,4297
chr2,60718050,60718070,AGTTCAAGTAGATATCAGAA,-,observation,171,517,299,738,989,792,345,538,388,639,949,1063
chr2,60718051,60718071,AAGTTCAAGTAGATATCAGA,-,observation,134,207,43,723,1025,964,166,316,120,498,736,1453
chr2,60718139,60718159,GGGTGGCTGTTTAAAGAGGG,-,observation,95,218,132,486,424,236,140,614,260,289,506,218
chr2,60718142,60718162,GTGGGGTGGCTGTTTAAAGA,-,observation,134,454,51,462,960,314,82,87,338,383,727,222
chr2,60718143,60718163,TGTGGGGTGGCTGTTTAAAG,-,observation,162,439,129,1033,1585,1098,319,479,518,528,1262,1802
chr2,60718146,60718166,TAAACAGCCACCCCACACCC,+,observation,52,116,62,252,262,250,68,129,220,206,525,209
chr2,60718156,60718176,CTCTTCTCCAGGGTGTGGGG,-,observation,195,158,149,771,888,1194,94,219,326,568,960,1767
chr2,60718159,60718179,TTGCTCTTCTCCAGGGTGTG,-,observation,330,534,242,1200,1717,1149,644,573,630,616,1207,1703
chr2,60718160,60718180,TTTGCTCTTCTCCAGGGTGT,-,observation,253,876,261,1384,2028,1704,249,473,1086,820,2260,3336
chr2,60718161,60718181,ATTTGCTCTTCTCCAGGGTG,-,observation,256,351,199,1007,1719,2766,421,618,618,594,1198,4544
chr2,60718166,60718186,TTCACATTTGCTCTTCTCCA,-,observation,262,966,328,1939,2432,2183,336,333,1103,992,1244,2759
chr2,60718167,60718187,CTTCACATTTGCTCTTCTCC,-,observation,325,490,143,1189,1315,1318,372,303,589,538,987,3412
chr2,60718193,60718213,TGCCAACCAGACTGTGCGCC,+,observation,467,691,270,2381,2258,2511,741,263,846,1274,1519,3796
chr2,60718197,60718217,AACCAGACTGTGCGCCAGGT,+,observation,238,696,284,1430,1945,1312,577,311,694,798,1058,2774
chr2,60718198,60718218,AACCTGGCGCACAGTCTGGT,-,observation,208,600,266,1040,1759,1380,230,1193,533,567,1040,1837
chr2,60718202,60718222,TACCAACCTGGCGCACAGTC,-,observation,381,1667,372,784,1733,2622,260,880,691,455,927,4906
chr2,60718214,60718234,TCTGTCAGACTTTACCAACC,-,observation,278,866,309,2381,2050,2120,590,382,984,676,1260,2910
chr2,60718260,60718280,ATATGTGAAGCCCAACTACG,+,observation,357,436,377,1263,2390,1857,355,713,713,618,1081,2486
chr2,60718273,60718293,AGTTGCACAACCACGTAGTT,-,observation,369,728,327,1423,1843,2043,514,545,876,663,1200,4054
chr2,60718274,60718294,GAGTTGCACAACCACGTAGT,-,observation,283,860,192,1903,2448,1898,331,377,652,648,743,4165
chr2,60718293,60718313,CTATAGCTGACTTTCAACCA,+,observation,425,1020,119,1249,1653,1112,221,1979,482,542,957,1038
chr2,60718313,60718333,AACTTCTTTGCAGATGACCA,-,observation,156,459,52,507,702,876,0,123,252,312,601,807
chr2,60718344,60718364,TTGCATTGAGGATGCGCAGG,-,observation,340,1212,237,1350,2507,2302,327,551,582,711,1523,4233
chr2,60718401,60718421,TAAATGCAGCACTACTAAAA,+,observation,158,701,205,1113,1085,693,376,621,439,496,471,739
chr2,60718428,60718448,TGCCCTCTGGCATCAAAATG,-,observation,541,1070,563,1396,2595,1781,499,394,1049,760,1138,3255
chr2,60718435,60718455,ATGCCAGAGGGCAGCAAACA,+,observation,201,574,210,1069,1351,1067,90,306,405,670,885,1440
chr2,60718441,60718461,TGTCCATGTTTGCTGCCCTC,-,observation,292,669,288,1072,1823,2466,267,553,553,637,1043,5993
chr2,60718445,60718465,GCAGCAAACATGGACACTTT,+,observation,276,1284,275,1480,2030,2194,263,458,622,701,1230,3549
chr2,60718471,60718491,CTGTACTTAATAGCTGAAGG,-,observation,271,395,363,1274,971,815,152,244,654,478,721,881
chr2,60718472,60718492,ACTGTACTTAATAGCTGAAG,-,observation,431,1071,338,1043,1071,1144,466,610,683,440,964,1839
chr2,60718473,60718493,TACTGTACTTAATAGCTGAA,-,observation,414,807,93,1274,2069,2047,151,278,666,616,1064,2515
chr2,60718474,60718494,TTACTGTACTTAATAGCTGA,-,observation,197,1249,179,1111,1826,1846,242,1000,639,718,929,2750
chr2,60718475,60718495,CAGCTATTAAGTACAGTAAA,+,observation,334,668,165,994,1649,1036,331,223,496,522,1136,860
chr2,60718505,60718525,GAGCATTTCAAATGATAGTT,-,observation,194,430,116,672,1388,676,152,169,525,479,873,637
chr2,60718506,60718526,ACTATCATTTGAAATGCTCC,+,observation,268,362,83,896,1509,1217,173,379,197,337,855,1340
chr2,60718511,60718531,CATTTGAAATGCTCCCGGCC,+,observation,310,474,332,877,1594,393,199,486,676,425,1017,213
chr2,60718519,60718539,ATGCTCCCGGCCAGGCGCTG,+,observation,137,973,131,691,1353,257,138,689,276,305,795,205
chr2,60718527,60718547,GTGAGCCACAGCGCCTGGCC,-,observation,90,206,88,544,652,847,98,154,368,303,314,1380
chr2,60718528,60718548,TGTGAGCCACAGCGCCTGGC,-,observation,105,387,134,261,358,759,0,44,233,190,321,1510
chr2,60718555,60718575,TCCCAGCACTTTGGGAGGCC,+,observation,20,0,20,16,0,43,150,12,29,13,0,37
chr2,60718597,60718617,TCAGGAGTTCAAGATCAGTT,+,observation,88,392,95,850,925,798,97,161,231,311,624,1065
chr2,60718666,60718686,CAGGCATGTATTACCATGCC,-,observation,350,585,237,1106,1381,2473,396,629,770,708,802,4334
chr2,60718711,60718731,GGCAGGAGATCGCTTGAACC,+,observation,7,15,16,16,53,41,31,0,0,12,21,3
chr2,60718732,60718752,CACTGCATCTTCTGCCTCCC,-,observation,98,62,2042,62,121,35,368,828,61,32,10,37
chr2,60718761,60718781,CGCGCCATTGCATTCCAGCC,+,observation,53,38,24,77,135,617,28,70,123,66,48,505
chr2,60718778,60718798,TTTACTCTTGTTGCCCGGGC,-,observation,184,459,280,1178,2412,1026,132,421,762,455,1268,679
chr2,60718783,60718803,GGAGATTTACTCTTGTTGCC,-,observation,218,478,418,1008,2294,1054,258,337,950,581,1253,871
chr2,60721417,60721437,TTTGGCTTCTCATCTGTGCA,+,observation,642,1707,596,2931,4458,4019,537,1074,2053,1714,2781,8190
chr2,60721429,60721449,TCTGTGCATGGCCTCTAAAC,+,observation,305,711,213,1154,1655,1572,192,1134,613,644,1140,3351
chr2,60721430,60721450,CTGTGCATGGCCTCTAAACT,+,observation,237,469,185,1572,1732,1606,354,326,555,599,902,1937
chr2,60721442,60721462,TCTAAACTGGGCAGTGACCA,+,observation,121,260,214,941,990,850,275,349,440,333,512,1361
chr2,60721443,60721463,ATGGTCACTGCCCAGTTTAG,-,observation,561,1050,526,2223,2513,2607,311,579,1244,1004,1280,4898
chr2,60721447,60721467,ACTGGGCAGTGACCATGGCC,+,observation,265,301,281,1295,1436,1499,405,210,691,664,608,2699
chr2,60721462,60721482,GTGGGGAGGTGACCAGGCCA,-,observation,469,1020,238,1687,2198,1284,388,740,496,871,1321,1685
chr2,60721464,60721484,GCCTGGTCACCTCCCCACTC,+,observation,154,941,258,1094,1505,1055,52,862,814,601,986,1094
chr2,60721468,60721488,TCCAGAGTGGGGAGGTGACC,-,observation,297,484,227,922,1712,1625,348,155,636,495,950,2051
chr2,60721470,60721490,TCACCTCCCCACTCTGGACC,+,observation,325,323,184,1254,1601,1134,299,224,735,527,853,1880
chr2,60721471,60721491,CACCTCCCCACTCTGGACCT,+,observation,442,829,233,1492,2175,1585,410,557,656,942,1443,1770
chr2,60721476,60721496,AACCCAGGTCCAGAGTGGGG,-,observation,88,72,37,104,344,141,25,58,142,105,122,136
chr2,60721479,60721499,GGCAACCCAGGTCCAGAGTG,-,observation,188,552,119,998,1041,590,195,259,249,393,806,557
chr2,60721480,60721500,GGGCAACCCAGGTCCAGAGT,-,observation,176,186,363,821,1119,568,303,125,498,423,738,574
chr2,60721481,60721501,GGGGCAACCCAGGTCCAGAG,-,observation,124,375,122,762,882,150,157,312,380,364,457,119
chr2,60721491,60721511,GGGTTGCCCCTCTGTAAACA,+,observation,144,326,139,1064,929,500,133,166,362,402,225,373
chr2,60721491,60721511,TGTTTACAGAGGGGCAACCC,-,observation,93,388,84,1075,893,936,193,107,451,509,541,1738
chr2,60721494,60721514,TTGCCCCTCTGTAAACAAGG,+,observation,228,237,128,1508,1479,939,326,116,531,485,779,1639
chr2,60721500,60721520,CAACCTCCTTGTTTACAGAG,-,observation,232,675,158,1352,1399,1650,223,352,586,663,1054,1914
chr2,60721501,60721521,ACAACCTCCTTGTTTACAGA,-,observation,220,516,184,1918,1591,1651,591,899,801,790,1114,2818
chr2,60721502,60721522,TACAACCTCCTTGTTTACAG,-,observation,458,1535,117,1440,1921,1532,228,401,553,484,1048,2417
chr2,60721536,60721556,TTTATAAGACATTAGGGTAT,-,observation,308,1078,300,1990,2248,2131,342,235,1006,866,929,3314
chr2,60721542,60721562,ATAAGATTTATAAGACATTA,-,observation,381,453,242,1298,2079,345,731,238,687,599,1266,213
chr2,60721543,60721563,CATAAGATTTATAAGACATT,-,observation,162,757,254,1068,1579,802,271,360,714,624,965,683
chr2,60721568,60721588,TTTGCCAAGATGGGAGTATG,+,observation,546,1065,287,2410,2706,3701,521,531,1094,1075,1562,7330
chr2,60721575,60721595,CTCTCCCCATACTCCCATCT,-,observation,404,782,223,1029,1491,1245,271,403,744,571,1143,1583
chr2,60721580,60721600,GGAGTATGGGGAGAGAAGAG,+,observation,47,70,14,111,145,185,70,124,147,75,83,222
chr2,60721586,60721606,TGGGGAGAGAAGAGTGGAAA,+,observation,329,536,211,703,1389,611,288,269,684,484,1095,1047
chr2,60721612,60721632,ATCTCATCTCACTGAGCTCT,-,observation,420,567,347,1392,1788,1639,249,149,647,636,1141,3129
chr2,60721613,60721633,TATCTCATCTCACTGAGCTC,-,observation,556,764,334,1652,1827,2577,624,485,1120,681,1308,3655
chr2,60721617,60721637,TCAGTGAGATGAGATATCAA,+,observation,447,477,290,1518,1743,937,486,280,695,654,1078,2207
chr2,60721618,60721638,CAGTGAGATGAGATATCAAA,+,observation,194,3451,396,812,1564,1182,310,3082,474,416,594,1330
chr2,60721619,60721639,AGTGAGATGAGATATCAAAG,+,observation,95,361,127,964,1143,797,2,228,479,381,802,845
chr2,60721658,60721678,CCATCTCCCTAATCTCCAAT,+,observation,497,976,300,1507,2776,1974,740,441,1205,789,1434,4040
chr2,60721661,60721681,CCAATTGGAGATTAGGGAGA,-,observation,362,674,190,1447,1571,995,495,1173,668,701,841,1130
chr2,60721667,60721687,GCTTTGCCAATTGGAGATTA,-,observation,302,304,95,997,1486,727,172,457,378,555,914,682
chr2,60721668,60721688,GGCTTTGCCAATTGGAGATT,-,observation,239,732,169,1387,1865,1084,330,216,916,653,1029,1301
chr2,60721673,60721693,CCAATTGGCAAAGCCAGACT,+,observation,285,665,104,1218,1809,1646,286,354,688,699,1023,1882
chr2,60721674,60721694,CAATTGGCAAAGCCAGACTT,+,observation,178,904,190,1415,1499,1643,289,791,491,638,996,1987
chr2,60721675,60721695,AATTGGCAAAGCCAGACTTG,+,observation,367,775,228,1099,1631,1760,245,1285,494,728,1176,2245
chr2,60721676,60721696,CCAAGTCTGGCTTTGCCAAT,-,observation,645,630,369,3029,3890,2617,414,335,1028,1377,2255,2751
chr2,60721688,60721708,AGACTTGGGGCAATACAGAC,+,observation,78,293,118,697,881,884,16,62,653,260,533,819
chr2,60721689,60721709,AGTCTGTATTGCCCCAAGTC,-,observation,184,662,72,910,879,1050,97,2075,243,414,559,1089
chr2,60721734,60721754,TAAATCATTAGGAATGAGCT,-,observation,425,1071,121,1063,1758,1679,276,663,692,529,1089,2982
chr2,60721745,60721765,ACATTTGGTGATAAATCATT,-,observation,503,877,274,2033,1990,2255,441,709,662,961,1499,3983
chr2,60721757,60721777,CCAAATGTTCTTTCTTCAGC,+,observation,338,514,133,765,1718,1359,132,213,627,489,771,957
chr2,60721760,60721780,CCAGCTGAAGAAAGAACATT,-,observation,384,575,331,2373,2476,1862,537,659,1075,1270,2059,2685
chr2,60721771,60721791,TTCAGCTGGAATTTAAAATA,+,observation,165,868,206,1486,1711,499,164,364,478,703,1253,466
chr2,60721789,60721809,TATGGACTCATCCGTAAAAT,+,observation,268,602,199,958,2018,1075,278,168,390,506,948,1757
chr2,60721815,60721835,AATAATAGTATATGCTTCAT,+,observation,601,411,367,1150,1915,1505,437,68,903,735,1147,1309
chr2,60721816,60721836,ATAATAGTATATGCTTCATA,+,observation,249,563,118,1601,2007,1044,291,500,690,589,885,1023
chr2,60721880,60721900,CGGAGCACTTACTCTGCTCT,-,observation,567,1641,447,1731,1641,2112,793,814,1086,854,1364,2247
chr2,60721906,60721926,TGAACTAAAATGCTGCCTCC,+,observation,325,616,322,618,1448,687,483,1136,670,293,1017,960
chr2,60721924,60721944,TGTAACTAATAAATACCAGG,-,observation,18,94,65,256,490,203,27,118,218,183,326,386
chr2,60721927,60721947,AGGTGTAACTAATAAATACC,-,observation,116,336,275,877,983,712,181,38,433,282,534,1067
chr2,60721946,60721966,TCAGCAGAAACAAAGTTATC,+,observation,359,1172,275,929,1969,1198,457,427,564,594,1009,1640
chr2,60721947,60721967,TGATAACTTTGTTTCTGCTG,-,observation,253,846,244,1190,1582,1757,298,634,670,659,1768,2539
chr2,60721970,60721990,CCTTTCCCCAATTCCTAGTT,+,observation,191,576,253,1074,1658,953,196,187,536,426,581,1705
chr2,60721971,60721991,CTTTCCCCAATTCCTAGTTT,+,observation,305,1269,264,1200,1927,1090,408,923,691,569,1196,1557
chr2,60721972,60721992,CAAACTAGGAATTGGGGAAA,-,observation,79,314,119,1096,1225,403,0,109,260,421,732,578
chr2,60721973,60721993,CCAAACTAGGAATTGGGGAA,-,observation,89,555,181,1094,1268,520,58,341,266,457,614,455
chr2,60721978,60721998,CTGACCCAAACTAGGAATTG,-,observation,345,559,161,1660,1743,1199,445,470,414,604,1013,1575
chr2,60721979,60721999,TCTGACCCAAACTAGGAATT,-,observation,427,1620,140,1609,1771,1609,381,727,667,877,1636,1855
chr2,60721980,60722000,TTCTGACCCAAACTAGGAAT,-,observation,492,1364,356,2436,2734,1984,951,980,763,1296,1872,3072
chr2,60721984,60722004,CTAGTTTGGGTCAGAAGAAA,+,observation,154,283,188,916,1639,507,153,33,286,432,1106,267
chr2,60721985,60722005,TAGTTTGGGTCAGAAGAAAA,+,observation,130,790,283,617,1065,327,74,1032,719,275,726,396
chr2,60721991,60722011,GGGTCAGAAGAAAAGGGAAA,+,observation,149,222,43,381,566,131,87,95,247,252,365,116
chr2,60721992,60722012,GGTCAGAAGAAAAGGGAAAA,+,observation,76,337,107,283,628,85,43,579,343,154,376,57
chr2,60721997,60722017,GAAGAAAAGGGAAAAGGGAG,+,observation,70,223,132,513,397,271,124,176,206,206,329,130
chr2,60722004,60722024,AGGGAAAAGGGAGAGGAAAA,+,observation,153,234,48,492,634,256,198,231,322,337,506,258
chr2,60722023,60722043,AAGGAAAAGAATATGATGTC,+,observation,631,745,188,1203,1537,1019,1560,309,541,488,791,1105
chr2,60722024,60722044,AGGAAAAGAATATGATGTCA,+,observation,280,626,367,1514,1961,1110,85,531,1026,596,868,1375
chr2,60722025,60722045,GGAAAAGAATATGATGTCAG,+,observation,363,1026,274,1180,2084,1162,88,862,931,727,1325,1135
chr2,60722026,60722046,GAAAAGAATATGATGTCAGG,+,observation,277,314,245,1206,1307,882,454,127,431,488,689,657
chr2,60722029,60722049,AAGAATATGATGTCAGGGGG,+,observation,475,996,463,1296,2894,1257,514,495,917,617,1634,1366
chr2,60722041,60722061,TCAGGGGGAGGCAAGTCAGT,+,observation,300,378,294,1999,2887,2191,657,357,1114,821,1583,3872
chr2,60722042,60722062,CAGGGGGAGGCAAGTCAGTT,+,observation,502,739,380,1740,3200,3068,273,608,978,975,1586,4178
chr2,60722068,60722088,ACAGATCCTAACACAGTAGC,+,observation,154,367,160,840,724,1066,0,0,543,207,393,1568
chr2,60722077,60722097,CAGGTACCAGCTACTGTGTT,-,observation,252,692,344,1547,1492,1228,208,434,400,592,1041,1811
chr2,60722079,60722099,CACAGTAGCTGGTACCTGAT,+,observation,370,738,384,2023,2199,1973,95,542,739,807,1183,2641
chr2,60722095,60722115,TGATAGGTGCCTATATGTGA,+,observation,262,979,199,1526,1995,1296,186,461,429,579,878,2151
chr2,60722096,60722116,ATCACATATAGGCACCTATC,-,observation,695,1017,179,1598,2139,2175,555,475,597,733,1287,3300
chr2,60722099,60722119,AGGTGCCTATATGTGATGGA,+,observation,234,1110,239,1416,1929,1628,377,1364,587,539,1094,1578
chr2,60722100,60722120,GGTGCCTATATGTGATGGAT,+,observation,272,537,222,1422,1333,1281,214,345,746,589,932,1256
chr2,60722103,60722123,GCCTATATGTGATGGATGGG,+,observation,288,433,193,1441,1801,1609,499,472,548,462,1020,2361
chr2,60722107,60722127,TCCACCCATCCATCACATAT,-,observation,363,759,193,1344,1757,1409,198,2676,555,928,1197,2462
chr2,60722126,60722146,ACAGCCCGACAGATGAAAAA,+,observation,132,252,67,539,905,242,123,79,236,300,371,104
chr2,60722138,60722158,ATGAAAAATGGACAATTATG,+,observation,484,742,209,1605,1684,1764,535,664,788,820,1060,2463
chr2,60722141,60722161,AAAAATGGACAATTATGAGG,+,observation,297,555,114,596,1118,990,198,188,326,393,1075,1097
chr2,60722142,60722162,AAAATGGACAATTATGAGGA,+,observation,193,480,172,1035,953,835,78,364,306,421,752,895
chr2,60722143,60722163,AAATGGACAATTATGAGGAG,+,observation,253,205,154,1035,1367,1078,279,339,538,501,700,1248
chr2,60722157,60722177,GAGGAGGGGAGAGTGCAGAC,+,observation,150,387,29,536,863,290,95,196,85,204,332,347
chr2,60722158,60722178,AGGAGGGGAGAGTGCAGACA,+,observation,257,229,239,795,1689,1177,200,235,451,458,905,1023
chr2,60722159,60722179,GGAGGGGAGAGTGCAGACAG,+,observation,66,131,92,436,910,307,321,208,200,125,408,199
chr2,60722185,60722205,CTTCACCTCCTTTACAATTT,+,observation,597,1884,287,1918,4179,2681,559,3091,829,1169,1943,3709
chr2,60722193,60722213,GACTCCCAAAATTGTAAAGG,-,observation,101,488,134,318,453,209,78,212,338,188,372,136
chr2,60722196,60722216,GTGGACTCCCAAAATTGTAA,-,observation,281,287,250,854,1678,368,288,339,610,463,1011,267
chr2,60722215,60722235,AATTTGTATGCCATGCCGTG,-,observation,251,824,310,1249,1370,1407,348,456,762,658,1594,2673
chr2,60722264,60722284,CTCTCTTGGTGATGGAGAAT,-,observation,444,958,204,1806,2546,2138,675,300,880,754,1466,4565
chr2,60722272,60722292,TCGGAAGGCTCTCTTGGTGA,-,observation,270,863,303,1327,1672,702,57,1089,572,560,1102,683
chr2,60722275,60722295,CCAAGAGAGCCTTCCGAAAG,+,observation,74,295,38,638,601,199,30,131,444,343,632,167
chr2,60722278,60722298,CCTCTTTCGGAAGGCTCTCT,-,observation,475,605,332,1177,1881,1114,539,667,871,680,1545,1502
chr2,60722284,60722304,CCTTCCGAAAGAGGCCCCCC,+,observation,211,709,175,933,1567,545,215,924,616,607,1206,596
chr2,60722285,60722305,CTTCCGAAAGAGGCCCCCCT,+,observation,112,336,131,763,1125,354,179,237,489,536,726,212
chr2,60722287,60722307,CCAGGGGGGCCTCTTTCGGA,-,observation,44,34,138,244,481,17,141,111,104,135,326,6
chr2,60722291,60722311,TTGCCCAGGGGGGCCTCTTT,-,observation,137,249,114,798,990,101,102,143,339,423,401,72
chr2,60722292,60722312,AAGAGGCCCCCCTGGGCAAA,+,observation,23,30,14,98,81,6,32,106,64,75,106,2
chr2,60722301,60722321,CGGTGGCCGTTTGCCCAGGG,-,observation,149,159,136,416,574,612,162,198,297,461,443,931
chr2,60722302,60722322,CCTGGGCAAACGGCCACCGA,+,observation,171,535,164,935,801,1343,570,448,451,523,862,2510
chr2,60722302,60722322,TCGGTGGCCGTTTGCCCAGG,-,observation,143,87,31,546,495,450,246,54,45,342,522,800
chr2,60722303,60722323,ATCGGTGGCCGTTTGCCCAG,-,observation,75,93,66,183,528,439,163,183,288,215,296,851
chr2,60722304,60722324,CATCGGTGGCCGTTTGCCCA,-,observation,152,268,223,681,594,716,247,556,197,502,667,1605
chr2,60722305,60722325,CCATCGGTGGCCGTTTGCCC,-,observation,117,355,85,576,975,788,817,185,290,624,1086,1515
chr2,60722307,60722327,GCAAACGGCCACCGATGGAG,+,observation,29,270,75,532,649,272,148,54,236,464,516,285
chr2,60722321,60722341,GGACTGGCAGACCTCTCCAT,-,observation,164,264,230,647,576,367,375,202,489,448,354,391
chr2,60722337,60722357,TGGGTGGGGTAGAAGAGGAC,-,observation,149,383,121,629,777,629,254,210,409,395,645,771
chr2,60722342,60722362,GGGCGTGGGTGGGGTAGAAG,-,observation,24,143,54,129,270,195,14,141,128,130,229,241
chr2,60722351,60722371,TTAGGGTGGGGGCGTGGGTG,-,observation,606,432,281,1532,2110,1722,704,196,518,846,1994,2997
chr2,60722352,60722372,ATTAGGGTGGGGGCGTGGGT,-,observation,353,1044,226,1173,1449,1456,723,1320,497,678,1260,2043
chr2,60722353,60722373,GATTAGGGTGGGGGCGTGGG,-,observation,142,115,88,484,949,232,22,58,672,257,483,205
chr2,60722355,60722375,CACGCCCCCACCCTAATCAG,+,observation,153,261,63,486,403,532,242,629,267,565,501,1196
chr2,60722356,60722376,TCTGATTAGGGTGGGGGCGT,-,observation,381,850,306,1643,1286,2019,1015,1573,952,1161,1709,6041
chr2,60722357,60722377,CTCTGATTAGGGTGGGGGCG,-,observation,424,677,387,1347,1919,1411,2425,292,1007,692,1061,1494
chr2,60722362,60722382,TTGGCCTCTGATTAGGGTGG,-,observation,337,492,195,1135,1329,1358,452,240,386,810,1008,3496
chr2,60722363,60722383,TTTGGCCTCTGATTAGGGTG,-,observation,565,836,275,1288,2116,2580,2866,1805,648,1426,2252,9788
chr2,60722364,60722384,GTTTGGCCTCTGATTAGGGT,-,observation,198,459,101,631,952,974,241,161,232,577,1450,2061
chr2,60722365,60722385,GGTTTGGCCTCTGATTAGGG,-,observation,196,135,126,318,226,301,643,539,204,336,544,1110
chr2,60722368,60722388,AAGGGTTTGGCCTCTGATTA,-,observation,323,288,211,765,1351,1081,1200,905,681,1033,1705,2096
chr2,60722369,60722389,GAAGGGTTTGGCCTCTGATT,-,observation,192,243,161,561,635,701,1512,457,310,686,990,1412
chr2,60722370,60722390,ATCAGAGGCCAAACCCTTCC,+,observation,88,1,4,329,290,503,400,200,172,242,828,1275
chr2,60722381,60722401,CACAGGCTCCAGGAAGGGTT,-,observation,69,36,12,281,249,161,479,410,210,367,601,599
chr2,60722386,60722406,TTTATCACAGGCTCCAGGAA,-,observation,27,81,108,984,493,824,281,707,408,769,1009,2361
chr2,60722433,60722453,CTTCAAAGTTGTATTGACCC,+,observation,259,300,93,1062,778,818,203,407,362,369,409,1093
chr2,60722453,60722473,CTCTTAGACATAACACACCA,-,observation,303,710,333,1233,1781,1710,226,338,444,559,957,2342
chr2,60722454,60722474,ACTCTTAGACATAACACACC,-,observation,68,490,179,985,1416,1020,207,272,518,366,804,1260
chr2,60722482,60722502,CATAGGCCAGAAAAGAGATA,-,observation,137,368,132,387,986,270,24,37,271,192,605,277
chr2,60722494,60722514,GGCCTATGTTATTACCTGTA,+,observation,345,878,385,1893,1999,1048,134,614,506,639,1133,1287
chr2,60722499,60722519,GTCCATACAGGTAATAACAT,-,observation,322,1211,338,2543,2974,2353,257,794,747,1028,1570,3259
chr2,60722506,60722526,TACCTGTATGGACTTTGCAC,+,observation,453,653,140,1159,1527,1838,413,502,321,571,923,3385
chr2,60722511,60722531,TTCCAGTGCAAAGTCCATAC,-,observation,263,1183,269,1257,1450,1598,802,165,766,531,915,2218
chr2,60722540,60722560,TGCTCTTACTTATGCACACC,+,observation,661,1148,472,1343,2136,2345,617,533,1059,746,1140,4298
chr2,60722541,60722561,GCTCTTACTTATGCACACCT,+,observation,237,653,230,1173,1457,872,234,247,618,554,825,1030
chr2,60722542,60722562,CTCTTACTTATGCACACCTG,+,observation,387,1153,186,1763,2172,2244,415,536,890,835,1107,4003
chr2,60722561,60722581,CAGGGCTGGCTCTATGCCCC,-,observation,197,625,299,809,1154,500,104,738,493,388,742,430
chr2,60722575,60722595,GCTGAAAAGCGATACAGGGC,-,observation,143,395,86,585,720,512,195,185,297,343,381,578
chr2,60722579,60722599,GATGGCTGAAAAGCGATACA,-,observation,211,597,163,2025,2556,1450,117,732,548,803,1205,1535
chr2,60722580,60722600,AGATGGCTGAAAAGCGATAC,-,observation,111,513,166,842,1537,1183,59,310,613,284,907,1524
chr2,60722597,60722617,GGGAGTTATCTGTAGTGAGA,-,observation,225,468,262,1022,1234,875,244,161,314,291,1126,827
chr2,60722617,60722637,AAGGCAGCTAGACAGGACTT,-,observation,231,807,103,1344,1707,1336,248,748,1031,580,1072,1547
chr2,60722618,60722638,GAAGGCAGCTAGACAGGACT,-,observation,567,707,282,1828,2457,1560,490,706,630,786,1419,2736
chr2,60722624,60722644,GATAAGGAAGGCAGCTAGAC,-,observation,357,656,200,692,1716,1531,253,321,342,372,1216,1889
chr2,60722626,60722646,CTAGCTGCCTTCCTTATCAC,+,observation,293,414,213,1811,1203,1693,120,430,608,589,737,2343
chr2,60722636,60722656,TGCTATTCCTGTGATAAGGA,-,observation,156,326,112,1105,1109,978,115,86,113,358,613,1209
chr2,60722640,60722660,TATCACAGGAATAGCACCCA,+,observation,117,474,112,686,768,815,82,211,204,323,580,1393
chr2,60722640,60722660,TGGGTGCTATTCCTGTGATA,-,observation,160,550,102,822,1769,635,217,340,273,376,711,811
chr2,60724809,60724829,TAAAGGATGTTAAATTGCTC,-,observation,22,428,160,821,1602,1000,32,68,232,405,929,2243
chr2,60724826,60724846,AGGCCTTCCAAAAAAAGTAA,-,observation,138,72,87,475,883,116,90,83,329,178,439,57
chr2,60724846,60724866,GAGTAGGAGGCTGGACCTGA,-,observation,186,322,119,1377,1440,601,118,279,416,484,937,555
chr2,60724855,60724875,GAAAGAGAAGAGTAGGAGGC,-,observation,97,66,39,353,800,110,106,174,202,125,300,173
chr2,60724859,60724879,CAGAGAAAGAGAAGAGTAGG,-,observation,308,721,274,1066,1457,738,338,400,682,519,630,799
chr2,60724862,60724882,GTTCAGAGAAAGAGAAGAGT,-,observation,75,491,104,563,1411,571,106,530,251,395,714,657
chr2,60724876,60724896,CTGAACTATCACCTTACTAT,+,observation,280,527,127,1275,1622,1341,267,134,349,687,1207,2321
chr2,60724890,60724910,GGAAATATGTGCCTATAGTA,-,observation,225,265,279,906,1506,760,310,133,752,269,722,775
chr2,60724895,60724915,TAGGCACATATTTCCCCCAA,+,observation,406,457,271,995,1779,1172,854,273,622,547,878,3899
chr2,60724904,60724924,ATTTCCCCCAAAGGACTCAG,+,observation,92,505,160,525,1325,387,79,121,245,178,572,626
chr2,60724911,60724931,GAGGCCACTGAGTCCTTTGG,-,observation,134,352,86,628,814,417,161,560,282,261,387,247
chr2,60724912,60724932,AGAGGCCACTGAGTCCTTTG,-,observation,324,634,243,1130,2277,909,461,386,635,670,1217,881
chr2,60724913,60724933,AAGAGGCCACTGAGTCCTTT,-,observation,391,827,221,1822,2723,971,826,1087,984,916,1407,872
chr2,60724914,60724934,AAAGAGGCCACTGAGTCCTT,-,observation,278,397,250,927,1458,1001,573,248,559,548,1357,867
chr2,60724930,60724950,AGGGAGAAATGAGACAAAAG,-,observation,156,233,76,645,919,518,131,199,234,395,674,493
chr2,60724949,60724969,TCTACTGGATCATCAGCAAA,-,observation,430,968,459,1568,3012,2372,452,1117,998,936,2048,3261
chr2,60724950,60724970,CTCTACTGGATCATCAGCAA,-,observation,431,1297,226,1853,2640,3081,586,734,879,978,1430,5065
chr2,60724961,60724981,CCAGTAGAGAAATGATCAAA,+,observation,163,483,158,581,1367,298,188,278,537,384,977,361
chr2,60724989,60725009,TTTCATTTAGGACAATGTGC,-,observation,251,651,285,1259,2780,2992,310,371,703,667,1079,7688
chr2,60725001,60725021,GAGGAAGCTTGGTTTCATTT,-,observation,354,665,400,1839,1899,975,266,429,765,846,1220,901
chr2,60725004,60725024,TGAAACCAAGCTTCCTCTGC,+,observation,309,900,222,719,1173,1164,270,937,529,488,982,1695
chr2,60725008,60725028,ACCAAGCTTCCTCTGCAGGA,+,observation,126,382,87,856,1450,672,16,286,331,302,654,692
chr2,60725012,60725032,TCCATCCTGCAGAGGAAGCT,-,observation,259,453,402,1245,1572,1573,361,135,809,616,846,1984
chr2,60725020,60725040,CTGCAGGATGGAAGTGAGCC,+,observation,421,627,129,1245,1738,1395,790,393,720,475,875,3398
chr2,60725020,60725040,GGCTCACTTCCATCCTGCAG,-,observation,89,612,112,915,865,783,37,366,387,361,534,749
chr2,60725030,60725050,GAAGTGAGCCAGGTGATAGA,+,observation,262,663,229,1248,2143,948,267,322,570,618,1032,1151
chr2,60725031,60725051,AAGTGAGCCAGGTGATAGAA,+,observation,206,742,126,1502,2152,1130,502,638,713,523,1699,1548
chr2,60725032,60725052,AGTGAGCCAGGTGATAGAAG,+,observation,193,353,193,1181,1680,1729,111,324,605,759,853,2368
chr2,60725033,60725053,GTGAGCCAGGTGATAGAAGG,+,observation,296,942,274,1661,1505,1274,284,673,786,738,1130,2049
chr2,60725040,60725060,AGGTGATAGAAGGGGGAGCC,+,observation,217,169,224,1145,1155,782,141,24,526,383,886,678
chr2,60725041,60725061,AGGCTCCCCCTTCTATCACC,-,observation,204,792,107,652,807,707,93,259,364,362,447,491
chr2,60725057,60725077,GCCTGGACCCACCGCTTCAT,+,observation,667,1200,605,2610,3319,2148,485,457,1637,1318,2334,2108
chr2,60725061,60725081,GCCAATGAAGCGGTGGGTCC,-,observation,104,247,110,415,789,700,75,160,365,144,565,1493
chr2,60725063,60725083,ACCCACCGCTTCATTGGCCG,+,observation,389,380,278,1347,1531,1244,393,430,545,575,1217,1823
chr2,60725067,60725087,TCCTCGGCCAATGAAGCGGT,-,observation,175,469,62,377,885,738,140,372,184,137,438,859
chr2,60725068,60725088,ATCCTCGGCCAATGAAGCGG,-,observation,346,422,293,1403,1573,1065,241,296,470,541,919,911
chr2,60725071,60725091,GTCATCCTCGGCCAATGAAG,-,observation,166,516,133,1369,988,939,503,281,462,478,794,1850
chr2,60725078,60725098,GGCCGAGGATGACCCCATAA,+,observation,173,349,247,545,1070,666,387,226,592,342,653,706
chr2,60725083,60725103,AGGATGACCCCATAAAGGTC,+,observation,242,361,164,817,1003,728,96,265,191,377,784,785
chr2,60725083,60725103,GACCTTTATGGGGTCATCCT,-,observation,287,557,199,899,1397,972,234,263,500,429,1033,1314
chr2,60725084,60725104,GGATGACCCCATAAAGGTCA,+,observation,260,563,114,1044,1383,756,519,254,443,421,663,866
chr2,60725093,60725113,GCAACACCCTGACCTTTATG,-,observation,436,1254,196,1236,1978,1316,379,966,764,792,1079,1742
chr2,60725094,60725114,TGCAACACCCTGACCTTTAT,-,observation,726,2375,505,3641,3947,3671,1056,3173,1250,1606,2614,4817
chr2,60725095,60725115,CTGCAACACCCTGACCTTTA,-,observation,615,802,304,2036,3691,2862,845,964,1166,1034,2225,2819
chr2,60725119,60725139,TGCTATGCACAAAATCCAAG,+,observation,469,921,222,1356,1578,947,505,260,444,609,1188,1205
chr2,60725126,60725146,CACAAAATCCAAGAGGCCCA,+,observation,126,393,198,702,1228,271,173,417,572,418,762,143
chr2,60725129,60725149,AAAATCCAAGAGGCCCATGG,+,observation,47,384,155,478,725,76,80,255,269,268,272,35
chr2,60725132,60725152,ATCCAAGAGGCCCATGGAGG,+,observation,127,141,87,540,370,68,255,100,100,310,369,41
chr2,60725133,60725153,TCCAAGAGGCCCATGGAGGT,+,observation,38,95,63,254,388,164,24,109,102,119,181,147
chr2,60725134,60725154,CCAAGAGGCCCATGGAGGTG,+,observation,173,360,186,541,823,340,145,389,298,400,654,288
chr2,60725137,60725157,CCCCACCTCCATGGGCCTCT,-,observation,226,151,235,746,1659,342,210,103,420,385,705,254
chr2,60725142,60725162,CCCATGGAGGTGGGGAGATG,+,observation,226,659,237,2042,2418,2633,278,954,893,870,1028,4978
chr2,60725143,60725163,CCATGGAGGTGGGGAGATGA,+,observation,670,848,366,2245,2863,2517,1894,428,976,1157,1678,4153
chr2,60725145,60725165,CCTCATCTCCCCACCTCCAT,-,observation,463,824,392,1710,2152,1669,585,345,1276,950,1141,1949
chr2,60725146,60725166,CCCTCATCTCCCCACCTCCA,-,observation,235,604,149,780,1194,716,103,334,543,454,678,1062
chr2,60725153,60725173,GGGGAGATGAGGGACCCACC,+,observation,156,149,130,999,1596,965,216,41,384,410,773,1033
chr2,60725170,60725190,CTCTTGAGGGTCTGCCAGGT,-,observation,312,1144,371,1364,1571,1368,388,2052,991,784,737,1867
chr2,60725171,60725191,CCTGGCAGACCCTCAAGAGC,+,observation,193,697,190,885,1040,608,96,335,347,730,921,550
chr2,60725171,60725191,GCTCTTGAGGGTCTGCCAGG,-,observation,166,598,253,758,1413,440,72,698,529,361,693,409
chr2,60725172,60725192,CTGGCAGACCCTCAAGAGCA,+,observation,0,101,0,39,127,67,0,126,15,14,172,60
chr2,60725173,60725193,TGGCAGACCCTCAAGAGCAG,+,observation,388,430,378,1444,1842,1709,501,438,679,787,1273,2217
chr2,60725174,60725194,CCTGCTCTTGAGGGTCTGCC,-,observation,535,1134,443,2866,3904,3358,481,926,999,987,2382,3832
chr2,60725183,60725203,GAGAAGACCCCTGCTCTTGA,-,observation,156,345,199,660,1095,201,141,133,369,404,749,116
chr2,60725184,60725204,AGAGAAGACCCCTGCTCTTG,-,observation,300,371,94,725,784,197,260,176,249,228,570,91
chr2,60725185,60725205,AAGAGCAGGGGTCTTCTCTT,+,observation,227,645,126,1343,2444,419,91,346,494,527,1164,254
chr2,60725186,60725206,AGAGCAGGGGTCTTCTCTTT,+,observation,216,223,73,658,1345,203,162,90,201,333,537,95
chr2,60725187,60725207,GAGCAGGGGTCTTCTCTTTG,+,observation,205,348,164,627,1586,84,213,274,280,396,916,51
chr2,60725188,60725208,AGCAGGGGTCTTCTCTTTGG,+,observation,148,434,163,517,1064,171,136,323,328,414,725,74
chr2,60725191,60725211,AGGGGTCTTCTCTTTGGGGG,+,observation,109,222,59,497,756,109,59,171,319,211,490,76
chr2,60725208,60725228,GGGAGGACATCACTCTTAGC,+,observation,344,741,290,1060,1741,1615,447,550,723,569,1012,2766
chr2,60725209,60725229,GGAGGACATCACTCTTAGCA,+,observation,151,128,217,762,1293,1192,132,18,252,414,1072,1156
chr2,60725213,60725233,GACATCACTCTTAGCAGGGC,+,observation,217,723,277,981,1122,1211,142,435,532,581,1053,1804
chr2,60725214,60725234,ACATCACTCTTAGCAGGGCT,+,observation,298,1198,291,2206,2673,3201,999,811,968,1237,1462,5227
chr2,60725215,60725235,CATCACTCTTAGCAGGGCTG,+,observation,531,340,474,1548,2242,2564,612,156,592,793,1275,3344
chr2,60725231,60725251,GCTGGGGTGAGTCAAAAGTC,+,observation,137,355,182,1204,1074,530,259,304,338,531,829,281
chr2,60725232,60725252,CTGGGGTGAGTCAAAAGTCT,+,observation,401,640,187,1740,1550,1073,211,742,511,636,825,904
chr2,60725239,60725259,GAGTCAAAAGTCTGGGAGAA,+,observation,164,182,126,794,781,180,117,310,241,482,539,113
chr2,60725242,60725262,TCAAAAGTCTGGGAGAATGG,+,observation,303,831,503,1427,1707,1151,464,300,725,606,925,1305
chr2,60725247,60725267,AGTCTGGGAGAATGGAGGTG,+,observation,282,402,81,500,939,958,172,431,295,285,466,1035
chr2,60725250,60725270,CTGGGAGAATGGAGGTGTGG,+,observation,222,95,147,603,794,592,122,47,500,237,535,671
chr2,60725251,60725271,TGGGAGAATGGAGGTGTGGA,+,observation,371,670,392,2240,3310,2636,142,491,768,988,1640,2891
chr2,60725252,60725272,GGGAGAATGGAGGTGTGGAG,+,observation,363,941,292,723,1310,978,419,528,762,487,578,1439
chr2,60725260,60725280,GGAGGTGTGGAGGGGATAAC,+,observation,294,835,356,1716,2038,2095,564,932,1006,861,1328,4209
chr2,60725261,60725281,GAGGTGTGGAGGGGATAACT,+,observation,110,126,188,1399,1034,1344,163,184,415,427,629,1878
chr2,60725277,60725297,AACTGGGTCAGACCCCAAGC,+,observation,194,200,241,461,898,382,181,154,575,204,713,333
chr2,60725281,60725301,GGGTCAGACCCCAAGCAGGA,+,observation,103,233,169,614,892,167,138,115,339,269,299,128
chr2,60725282,60725302,GGTCAGACCCCAAGCAGGAA,+,observation,105,165,19,424,727,285,96,262,233,300,377,186
chr2,60725292,60725312,ATAGAGGCCCTTCCTGCTTG,-,observation,271,404,76,883,1150,473,105,249,285,475,797,403
chr2,60725293,60725313,CATAGAGGCCCTTCCTGCTT,-,observation,191,504,163,733,1374,508,214,581,580,449,888,549
chr2,60725294,60725314,ACATAGAGGCCCTTCCTGCT,-,observation,387,1146,315,1734,1581,941,814,1218,760,785,963,844
chr2,60725297,60725317,AGGAAGGGCCTCTATGTAGA,+,observation,129,506,185,747,1338,511,130,947,569,408,738,397
chr2,60725298,60725318,GGAAGGGCCTCTATGTAGAC,+,observation,143,219,19,774,480,367,155,316,254,482,409,209
chr2,60725305,60725325,CCTCTATGTAGACGGGTGTG,+,observation,165,248,143,1299,1746,1708,344,705,473,597,1081,3182
chr2,60725308,60725328,CCACACACCCGTCTACATAG,-,observation,298,548,203,1149,1706,1210,204,376,528,560,779,1650
chr2,60725315,60725335,GACGGGTGTGTGGCTCCTTA,+,observation,217,298,77,584,993,377,194,181,285,311,681,245
chr2,60725332,60725352,TTAAGGTGACCCAGCAGCCC,+,observation,162,272,178,936,1308,388,99,284,689,274,664,596
chr2,60725333,60725353,AGGGCTGCTGGGTCACCTTA,-,observation,417,958,375,2155,3409,1535,198,494,918,890,1851,1648
chr2,60725333,60725353,TAAGGTGACCCAGCAGCCCT,+,observation,85,475,186,817,1705,687,143,339,526,426,769,854
chr2,60725344,60725364,AGCAGCCCTGGGCACAGAAG,+,observation,74,388,211,835,918,352,181,370,310,365,686,597
chr2,60725344,60725364,CTTCTGTGCCCAGGGCTGCT,-,observation,455,828,362,1962,3187,2512,534,380,641,994,2043,2433
chr2,60725345,60725365,ACTTCTGTGCCCAGGGCTGC,-,observation,239,789,140,1538,1571,1362,232,1448,946,607,965,2149
chr2,60725351,60725371,CTGGGCACAGAAGTGGTGCG,+,observation,61,267,54,388,581,306,148,226,191,206,271,432
chr2,60725352,60725372,ACGCACCACTTCTGTGCCCA,-,observation,327,716,263,1042,1896,1430,296,281,694,423,855,1411
chr2,60725353,60725373,CACGCACCACTTCTGTGCCC,-,observation,339,900,146,1316,1585,1478,274,381,370,599,605,2901
chr2,60725380,60725400,TGCCAACAGTGATAACCAGC,+,observation,141,318,334,859,969,1474,865,541,356,427,538,4018
chr2,60725381,60725401,GCCAACAGTGATAACCAGCA,+,observation,89,296,83,533,921,497,17,369,220,343,770,1396
chr2,60725385,60725405,GCCCTGCTGGTTATCACTGT,-,observation,320,550,208,1218,1409,1219,558,566,583,1015,1347,2515
chr2,60725395,60725415,CCAGCAGGGCCTGTCAGAAG,+,observation,226,581,215,1953,1936,1104,559,343,742,483,671,1043
chr2,60725398,60725418,CCTCTTCTGACAGGCCCTGC,-,observation,233,640,292,1394,1305,1427,255,687,1139,601,937,1950
chr2,60725401,60725421,GGGCCTGTCAGAAGAGGCCC,+,observation,100,169,67,435,369,120,0,73,310,177,218,68
chr2,60725407,60725427,TGTCCAGGGCCTCTTCTGAC,-,observation,574,1195,560,1771,3329,1884,687,1110,1328,913,1433,2117
chr2,60725411,60725431,GAAGAGGCCCTGGACACTGA,+,observation,143,823,400,1983,2273,416,56,224,764,551,756,222
chr2,60725415,60725435,AGGCCCTGGACACTGAAGGC,+,observation,287,679,126,1507,1765,727,253,251,681,481,437,600
chr2,60725416,60725436,GGCCCTGGACACTGAAGGCT,+,observation,397,287,137,1181,2263,613,128,75,413,380,597,319
chr2,60725421,60725441,TGCCCAGCCTTCAGTGTCCA,-,observation,419,1578,437,3395,4135,2355,160,323,1597,631,1546,1982
chr2,60725422,60725442,GTGCCCAGCCTTCAGTGTCC,-,observation,373,998,297,1935,2068,1011,94,208,524,617,1011,538
chr2,60725427,60725447,CTGAAGGCTGGGCACAGCCT,+,observation,293,913,294,2141,1843,1461,96,374,639,626,1167,1262
chr2,60725441,60725461,CAGCCTTGGCGACCGCTCAC,+,observation,447,1083,299,2033,2080,1393,432,553,560,741,1231,1102
chr2,60725447,60725467,TGTCCTGTGAGCGGTCGCCA,-,observation,421,863,339,1683,2898,882,354,503,907,780,1553,678
chr2,60725456,60725476,ACTGCTGCATGTCCTGTGAG,-,observation,470,1249,330,1930,2077,2451,583,374,845,950,1297,2857
chr2,60725484,60725504,GGGTCGCGGTAGGGAGTTGT,-,observation,157,188,141,1168,1134,750,377,261,501,581,842,1185
chr2,60725493,60725513,CACTGATAGGGGTCGCGGTA,-,observation,327,567,127,772,1174,1151,382,283,517,535,533,1933
chr2,60725494,60725514,GCACTGATAGGGGTCGCGGT,-,observation,104,265,161,1011,1191,763,155,17,199,338,680,1162
chr2,60725498,60725518,GTCGGCACTGATAGGGGTCG,-,observation,286,1304,201,1575,1926,1668,223,565,609,594,821,2413
chr2,60725504,60725524,TGCTTGGTCGGCACTGATAG,-,observation,283,153,171,1217,827,2163,1233,494,666,806,2941,7039
chr2,60725505,60725525,GTGCTTGGTCGGCACTGATA,-,observation,176,183,206,439,678,991,456,1049,562,782,799,2908
chr2,60725506,60725526,TGTGCTTGGTCGGCACTGAT,-,observation,134,442,250,1525,1409,1973,1097,886,841,1038,1946,8668
chr2,60725516,60725536,GTGCATCTTGTGTGCTTGGT,-,observation,242,446,189,812,1209,1090,798,166,471,374,591,1803
chr2,60725520,60725540,AGCACACAAGATGCACACCC,+,observation,248,346,163,976,1109,1759,327,437,607,322,873,3430
chr2,60725520,60725540,GGGTGTGCATCTTGTGTGCT,-,observation,559,600,423,1496,2521,1990,756,760,740,641,1743,3911
chr2,60725524,60725544,CACAAGATGCACACCCAGGC,+,observation,116,354,204,598,878,616,74,119,252,303,625,873
chr2,60725525,60725545,ACAAGATGCACACCCAGGCT,+,observation,240,692,385,1823,2212,1616,322,587,1129,890,1247,3185
chr2,60725529,60725549,GATGCACACCCAGGCTGGGC,+,observation,248,372,288,1005,945,764,746,270,576,447,835,553
chr2,60725536,60725556,ACCCAGGCTGGGCTGGACAG,+,observation,150,386,238,2039,2819,1673,453,233,968,419,1203,2344
chr2,60725537,60725557,CCCAGGCTGGGCTGGACAGA,+,observation,297,764,307,1396,2843,969,343,125,653,278,676,805
chr2,60725538,60725558,CCAGGCTGGGCTGGACAGAG,+,observation,157,1269,338,1667,2110,922,125,283,739,465,1029,838
chr2,60725540,60725560,CCCTCTGTCCAGCCCAGCCT,-,observation,242,710,208,1556,1690,1366,514,158,539,902,1158,1904
chr2,60725541,60725561,CCCCTCTGTCCAGCCCAGCC,-,observation,142,569,177,1160,1672,969,168,349,596,610,966,1031
chr2,60725555,60725575,GAGGGGTCCCACAAGATCAC,+,observation,389,295,83,724,963,714,278,209,490,261,320,640
chr2,60725556,60725576,AGGGGTCCCACAAGATCACA,+,observation,226,303,116,822,885,441,84,291,306,324,401,448
chr2,60725565,60725585,GGCACACCCTGTGATCTTGT,-,observation,285,892,98,1363,1702,1231,472,1032,315,602,1216,2849
chr2,60725566,60725586,GGGCACACCCTGTGATCTTG,-,observation,244,459,102,1253,1941,1417,421,314,656,515,1040,1804
chr2,60725571,60725591,TCACAGGGTGTGCCCTGAGA,+,observation,88,256,99,666,834,686,376,234,179,423,418,1351
chr2,60725574,60725594,CAGGGTGTGCCCTGAGAAGG,+,observation,161,433,173,951,1908,1152,358,1814,613,416,844,1378
chr2,60725575,60725595,AGGGTGTGCCCTGAGAAGGT,+,observation,348,485,124,1565,1192,1273,1145,427,420,679,610,2239
chr2,60725576,60725596,GGGTGTGCCCTGAGAAGGTG,+,observation,114,338,97,837,512,833,122,101,415,602,909,1554
chr2,60725586,60725606,GTGAGCTCCCCACCTTCTCA,-,observation,173,671,290,1305,2230,551,206,618,588,767,857,478
chr2,60725587,60725607,TGTGAGCTCCCCACCTTCTC,-,observation,393,388,207,952,1138,1123,453,350,466,774,1010,1353
chr2,60725609,60725629,CTCCAAGCATTGCATCATCC,+,observation,268,769,259,1176,1528,1699,328,1179,498,846,1454,4856
chr2,60725611,60725631,CAGGATGATGCAATGCTTGG,-,observation,165,301,224,1091,1087,1095,315,174,436,499,858,2713
chr2,60725614,60725634,TACCAGGATGATGCAATGCT,-,observation,764,960,345,1564,1492,3236,1542,1833,815,972,1801,9665
chr2,60725616,60725636,CATTGCATCATCCTGGTACC,+,observation,307,738,189,978,1136,1592,432,871,536,550,999,4249
chr2,60725620,60725640,GCATCATCCTGGTACCAGGA,+,observation,230,734,236,1106,1234,1392,267,784,506,641,1227,4596
chr2,60725626,60725646,TCCTGGTACCAGGAAGGCAA,+,observation,120,565,71,773,1035,1303,102,327,488,518,717,3042
chr2,60725627,60725647,CCTGGTACCAGGAAGGCAAT,+,observation,465,897,299,1430,2392,2592,328,922,1092,946,1500,5876
chr2,60725630,60725650,CCCATTGCCTTCCTGGTACC,-,observation,118,180,178,853,818,1700,293,157,459,346,512,3715
chr2,60725637,60725657,GGGGCAGCCCATTGCCTTCC,-,observation,268,781,184,965,1107,762,170,1056,446,415,854,943
chr2,60725656,60725676,TAGGAAGGGAAGTGGGTATG,-,observation,110,610,185,1223,841,1212,19,1338,628,532,656,1727
chr2,60725657,60725677,CTAGGAAGGGAAGTGGGTAT,-,observation,275,782,255,1792,1877,2583,369,355,619,881,971,4896
chr2,60725658,60725678,TCTAGGAAGGGAAGTGGGTA,-,observation,407,550,467,1895,3129,2934,496,412,1309,773,1529,5426
chr2,60725660,60725680,CCCACTTCCCTTCCTAGAAT,+,observation,73,266,60,590,696,1153,254,682,436,484,781,2345
chr2,60725663,60725683,CCAATTCTAGGAAGGGAAGT,-,observation,187,711,374,1196,1574,1659,274,475,712,768,947,2822
chr2,60725664,60725684,GCCAATTCTAGGAAGGGAAG,-,observation,176,478,235,1047,947,858,56,263,517,562,922,1826
chr2,60725665,60725685,TTCCCTTCCTAGAATTGGCC,+,observation,218,405,153,1228,1344,1463,499,521,378,720,935,2919
chr2,60725666,60725686,TCCCTTCCTAGAATTGGCCT,+,observation,111,145,78,568,944,928,175,258,189,401,351,1949
chr2,60725670,60725690,TCCCAGGCCAATTCTAGGAA,-,observation,134,228,182,303,404,392,79,172,207,213,319,479
chr2,60725671,60725691,GTCCCAGGCCAATTCTAGGA,-,observation,77,204,176,706,824,554,145,1128,533,388,409,621
chr2,60725675,60725695,GAATGTCCCAGGCCAATTCT,-,observation,153,354,158,869,1200,845,407,379,462,439,1389,1480
chr2,60725686,60725706,GGCTAAATAATGAATGTCCC,-,observation,217,351,96,681,1295,898,488,573,344,348,792,1607
chr2,60725691,60725711,ATTCATTATTTAGCCACCTC,+,observation,202,492,205,1233,1198,1716,226,525,469,542,1150,2516
chr2,60725707,60725727,ACAAATGCAGGTGCCAGAGG,-,observation,110,345,174,773,1129,720,114,79,417,376,673,785
chr2,60725710,60725730,AAAACAAATGCAGGTGCCAG,-,observation,169,325,196,843,1808,228,108,75,389,247,804,241
chr2,60725719,60725739,AAAATTTGAAAAACAAATGC,-,observation,128,596,175,754,873,268,25,744,481,283,310,191
chr2,60725742,60725762,AGCAAATAGGCTTAGTGTGC,+,observation,396,987,113,1129,2312,2543,588,1011,528,597,1368,4475
chr2,60725743,60725763,GCAAATAGGCTTAGTGTGCT,+,observation,594,1059,484,3004,3309,2633,740,541,724,1474,1610,5377
chr2,60725759,60725779,TGCTGGGCAGAGCTGAGCAG,+,observation,283,631,216,1245,1385,1231,200,588,993,606,833,1693
chr2,60725793,60725813,TCTTATGTGAGTAGGTAGAG,-,observation,277,795,221,1754,1588,2056,340,719,454,753,994,3486
chr2,60725794,60725814,ATCTTATGTGAGTAGGTAGA,-,observation,420,1820,212,2197,2414,3110,683,1467,802,1036,1462,4390
chr2,60725795,60725815,GATCTTATGTGAGTAGGTAG,-,observation,265,693,243,993,1364,1409,257,806,375,431,901,2422
chr2,60725801,60725821,TTTACTGATCTTATGTGAGT,-,observation,438,945,185,1624,1530,2010,378,665,947,821,1020,3504
chr2,60725805,60725825,ACATAAGATCAGTAAAGAGA,+,observation,203,733,169,840,1361,795,125,529,459,425,685,672
chr2,60725812,60725832,ATCAGTAAAGAGAAGGAAGC,+,observation,68,697,182,467,1056,580,83,603,667,297,651,674
chr2,60725821,60725841,GAGAAGGAAGCAGGCAGATG,+,observation,124,458,129,1195,1236,751,168,341,436,581,790,751
chr2,60725829,60725849,AGCAGGCAGATGAGGTGACA,+,observation,239,906,229,1594,1990,1914,216,1190,687,633,1255,2703
chr2,60725830,60725850,GCAGGCAGATGAGGTGACAA,+,observation,348,448,311,1658,2297,2160,177,1052,853,853,1278,2638
chr2,60725831,60725851,CAGGCAGATGAGGTGACAAG,+,observation,314,929,247,1503,2181,1508,508,399,413,436,1268,2095
chr2,60725845,60725865,GACAAGGGGAGAAACCAGTG,+,observation,194,539,110,891,1367,477,325,430,605,327,899,456
chr2,60725856,60725876,AAACCAGTGAGGTCATCTAT,+,observation,520,1082,277,1372,1582,1437,577,530,953,617,1478,1983
chr2,60725862,60725882,GGACCTATAGATGACCTCAC,-,observation,304,475,110,851,1015,1399,152,215,474,284,496,1931
chr2,60725883,60725903,TGGCTGGGTCTGTACGAACT,-,observation,615,1018,316,3082,3265,2911,759,863,1200,1467,2447,3115
chr2,60725898,60725918,AGAGAACTGGCAGTCTGGCT,-,observation,118,390,100,652,843,590,122,180,215,357,495,550
chr2,60725899,60725919,CAGAGAACTGGCAGTCTGGC,-,observation,331,539,137,1254,1540,1252,321,425,415,698,966,1282
chr2,60725899,60725919,GCCAGACTGCCAGTTCTCTG,+,observation,247,429,245,1096,1546,404,345,283,513,365,825,210
chr2,60725903,60725923,TCCTCAGAGAACTGGCAGTC,-,observation,165,171,60,396,786,482,239,83,136,134,592,841
chr2,60725911,60725931,TCTCTAGCTCCTCAGAGAAC,-,observation,255,325,209,722,817,514,227,129,416,402,534,769
chr2,60725915,60725935,TCTGAGGAGCTAGAGACTTG,+,observation,80,377,220,1001,1132,1070,148,752,539,207,1023,1529
chr2,60725922,60725942,AGCTAGAGACTTGTGGCTTA,+,observation,358,569,232,1730,2066,1878,272,471,590,748,1476,2421
chr2,60725937,60725957,GCTTAAGGAAGCCTCTCTGA,+,observation,140,144,171,711,1442,571,109,336,333,332,755,519
chr2,60725951,60725971,TATTAGTACATCCATCAGAG,-,observation,342,695,275,1044,1595,1549,738,667,447,440,760,2149
chr2,60725982,60726002,GTAATTCAAATGTATGTATA,-,observation,273,412,250,996,2028,607,139,263,319,402,807,649
chr2,60726004,60726024,TGAGTTTGATCAAGATTTAC,-,observation,680,1244,270,2535,2807,2756,588,800,552,1397,1804,4719
chr2,60726036,60726056,AACGTAGTTTCTGGATGAGT,-,observation,260,856,256,1450,1569,1593,126,809,146,566,673,2254
chr2,60726045,60726065,TATTAGACAAACGTAGTTTC,-,observation,97,398,95,695,694,436,84,210,88,242,343,665
chr2,60726049,60726069,CTACGTTTGTCTAATAGAAC,+,observation,287,507,207,956,1389,1390,307,179,611,497,827,1654
chr2,60726056,60726076,TGTCTAATAGAACAGGAAGC,+,observation,69,107,19,429,238,296,23,64,231,184,250,312
chr2,60726059,60726079,CTAATAGAACAGGAAGCAGG,+,observation,144,640,192,798,1296,670,104,1324,511,319,850,1085
chr2,60726062,60726082,ATAGAACAGGAAGCAGGTGG,+,observation,92,186,68,373,552,329,201,86,218,306,355,354
chr2,60773105,60773125,CTGCTATGTGTTCCTGTTTG,-,positive_control,351,1261,334,1502,1844,1914,248,2486,961,983,1865,4922
chr2,60773120,60773140,TAGAGGAATTTGCCCCAAAC,+,positive_control,78,141,124,351,739,498,85,189,302,452,611,511
chr2,60773137,60773157,TGTTTATCAACGTCATCTAG,+,positive_control,328,1913,186,1346,2025,2819,419,814,454,659,1458,4772
chr2,60773149,60773169,GATAAACAATCGTCATCCTC,-,positive_control,129,205,182,167,290,371,221,282,105,183,367,884
chr2,60773159,60773179,CGTCATCCTCTGGCGTGACC,-,positive_control,410,540,214,1249,1437,2940,1162,467,530,994,1679,8320
chr2,60773168,60773188,TGGCATCCAGGTCACGCCAG,+,positive_control,39,251,122,234,224,864,294,207,293,460,605,5109
chr2,60773175,60773195,GACCTGGATGCCAACCTCCA,-,positive_control,164,413,108,453,434,530,475,2287,131,450,766,1169
chr2,60773176,60773196,ACCTGGATGCCAACCTCCAC,-,positive_control,18,158,49,259,161,346,78,494,124,479,658,1876
chr2,60773180,60773200,TCCCGTGGAGGTTGGCATCC,+,positive_control,214,1347,269,1208,1822,2414,322,841,753,1309,1880,5844
chr2,60773181,60773201,GATGCCAACCTCCACGGGAT,-,positive_control,183,50,97,416,530,623,1408,92,445,516,562,1630
chr2,60773188,60773208,GCATCCAATCCCGTGGAGGT,+,positive_control,40,294,88,214,152,349,170,441,119,287,298,810
chr2,60773192,60773212,AAAAGCATCCAATCCCGTGG,+,positive_control,72,126,93,272,249,361,215,100,138,279,313,559
chr2,60773195,60773215,GAAAAAAGCATCCAATCCCG,+,positive_control,66,97,20,148,121,167,630,65,58,132,159,279
chr2,60773211,60773231,TTTCATCTCGATTGGTGAAG,-,positive_control,302,1174,239,1852,1892,3074,316,472,861,1015,1592,6208
chr2,60773215,60773235,ATCTCGATTGGTGAAGGGGA,-,positive_control,259,663,90,928,1136,2068,1280,772,332,632,1092,6299
chr2,60773218,60773238,TCGATTGGTGAAGGGGAAGG,-,positive_control,141,109,79,484,442,703,135,98,179,341,768,2029
chr2,60773249,60773269,CCTCTGCTTAGAAAAAGCTG,+,positive_control,166,126,30,363,607,408,1566,252,104,292,857,916
chr2,60773275,60773295,CACAAACGGAAACAATGCAA,+,positive_control,29,0,33,114,34,310,626,16,109,182,422,2385
chr2,60773302,60773322,AAAATAAGAATGTCCCCCAA,-,positive_control,78,192,123,192,377,205,135,176,422,251,484,345
chr2,60773303,60773323,AAATAAGAATGTCCCCCAAT,-,positive_control,86,187,77,490,474,401,205,509,191,489,805,548
chr2,60773315,60773335,CCCCCAATGGGAAGTTCATC,-,positive_control,175,458,185,751,952,1230,208,495,523,611,1075,2206
chr2,60773318,60773338,CCAGATGAACTTCCCATTGG,+,positive_control,33,3,60,32,32,300,498,135,35,109,249,951
chr2,60773319,60773339,GCCAGATGAACTTCCCATTG,+,positive_control,50,103,34,194,164,581,405,240,180,341,276,1969
chr2,60773320,60773340,TGCCAGATGAACTTCCCATT,+,positive_control,152,118,101,317,434,1003,758,432,353,485,906,5283
chr2,60773321,60773341,GTGCCAGATGAACTTCCCAT,+,positive_control,44,98,12,152,22,298,530,253,121,237,158,917
chr2,60773328,60773348,GTTCATCTGGCACTGCCCAC,-,positive_control,17,19,148,50,142,346,329,406,363,343,390,2903
chr2,60773333,60773353,TCTGGCACTGCCCACAGGTG,-,positive_control,92,90,48,158,251,369,110,231,135,264,423,1255
chr2,60773336,60773356,GGCACTGCCCACAGGTGAGG,-,positive_control,23,21,60,24,90,300,588,406,125,201,314,1111
chr2,60773346,60773366,ATCATGACCTCCTCACCTGT,+,positive_control,81,147,62,168,245,668,372,254,189,315,388,4629
chr2,60773347,60773367,GATCATGACCTCCTCACCTG,+,positive_control,57,29,109,81,104,339,123,339,0,165,304,3199
chr2,60773353,60773373,AGGAGGTCATGATCCCCTTC,-,positive_control,472,891,134,1284,1506,1727,578,581,449,824,1602,4803
chr2,60773365,60773385,TCCCCTTCTGGAGCTCCCAA,-,positive_control,21,7,39,135,20,57,843,208,20,136,97,191
chr2,60773366,60773386,CCCCTTCTGGAGCTCCCAAC,-,positive_control,251,357,54,426,463,255,142,150,395,515,733,280
chr2,60773369,60773389,CCCGTTGGGAGCTCCAGAAG,+,positive_control,47,31,19,176,112,57,404,74,81,146,200,55
chr2,60773370,60773390,GCCCGTTGGGAGCTCCAGAA,+,positive_control,103,257,125,780,540,199,239,290,325,493,868,117
chr2,60773371,60773391,GGCCCGTTGGGAGCTCCAGA,+,positive_control,16,6,10,34,44,23,86,69,53,66,92,18
chr2,60773372,60773392,CTGGAGCTCCCAACGGGCCG,-,positive_control,96,279,126,632,653,135,130,613,510,469,596,90
chr2,60773377,60773397,GCTCCCAACGGGCCGTGGTC,-,positive_control,139,272,56,399,992,365,123,32,194,380,829,330
chr2,60773383,60773403,GAACCAGACCACGGCCCGTT,+,positive_control,83,133,82,229,194,209,443,671,195,315,355,257
chr2,60773384,60773404,TGAACCAGACCACGGCCCGT,+,positive_control,628,5383,334,263,572,422,10906,2622,322,325,665,1601
chr2,60773392,60773412,ACAGATGATGAACCAGACCA,+,positive_control,54,34,47,253,66,430,94,91,136,356,254,2136
chr2,60773397,60773417,TGGTTCATCATCTGTAAGAA,-,positive_control,347,661,185,1284,1572,1092,229,685,462,678,1309,1353
chr2,60773407,60773427,TCTGTAAGAATGGCTTCAAG,-,positive_control,237,539,198,726,948,1647,275,1281,737,843,1204,4398
chr2,60773412,60773432,AAGAATGGCTTCAAGAGGCT,-,positive_control,15,170,38,498,281,631,354,264,80,443,509,1805