Chr,Index,Beta,Pval.,Pval_adj.,Statistical_Power
chr2,58821323,-0.000564684770793713,0.9246,0.998623778502,0.9999
chr2,58821343,-0.0005646847846671973,0.9246,0.998623778502,0.9999
chr2,58821363,-0.0005646847997469372,0.9246,0.998623778502,0.9999
chr2,58821383,-0.0005646848158550295,0.9246,0.998623778502,0.9999
chr2,58821403,-0.0005646848328009002,0.9248,0.998623778502,0.9999
chr2,58821423,-0.0005646848504503873,0.9248,0.998623778502,0.9999
chr2,58821443,-0.0005646848686504292,0.9246,0.998623778502,1.0
chr2,58821463,-0.0005646848872316883,0.9286,0.998623778502,1.0
chr2,58821483,-0.0005646849060150842,0.9264,0.998623778502,1.0
chr2,58821503,-0.0005646849248148748,0.937,0.998623778502,1.0
chr2,58821523,-0.0005646849434421168,0.9344,0.998623778502,0.9999
chr2,58821543,-0.0005646849617128508,0.937,0.998623778502,0.9999
chr2,58821563,-0.0005646849794544836,0.9396,0.998623778502,0.9998
chr2,58821583,-0.0005646849965086046,0.9388,0.998623778502,0.9998
chr2,58821603,-0.0005646850127365913,0.9388,0.998623778502,0.9998
chr2,58821623,-0.0005646850279386588,0.9388,0.998623778502,0.9998
chr2,58821643,-0.0005646850419696064,0.9388,0.998623778502,0.9998
chr2,58915903,0.013169699521367659,0.0632,0.258259136213,0.9903
chr2,58915923,0.013169699500571607,0.0632,0.258259136213,0.9935
chr2,58915943,0.01316969947712351,0.0632,0.258259136213,0.9945
chr2,58915963,0.013169699444916581,0.0628,0.258259136213,0.9954
chr2,58915983,0.013169699371287463,0.061,0.25347972973,0.9969
chr2,58916003,0.013169699087636159,0.0576,0.24852739726,0.9975
chr2,58916023,0.013169698894840072,0.0516,0.231635036496,0.9978
chr2,58916043,-0.00359831682902243,0.5672,0.885163498099,0.9983
chr2,58916063,-0.003598316850831703,0.5554,0.884898963731,0.9985
chr2,58916083,-0.0035983168723487872,0.5426,0.867877763329,0.9985
chr2,58916103,-0.0035983168933220126,0.531,0.8504296875,0.9997
chr2,58916123,-0.003598316913530238,0.5228,0.839483028721,0.9999
chr2,58916143,-0.0035983169327964658,0.5204,0.836721568627,0.9999
chr2,58916163,-0.003598316951003879,0.5202,0.836721568627,1.0
chr2,58916183,-0.003598316968075961,0.5162,0.833236220472,1.0
chr2,58916203,-0.0035983169838304224,0.5138,0.831544736842,1.0
chr2,58916223,-0.0035983169981513618,0.5136,0.831544736842,1.0
chr2,58916243,-0.003598317010960303,0.5112,0.831544736842,1.0
chr2,58916263,-0.0035983170223400037,0.5106,0.831544736842,1.0
chr2,58916283,-0.0035983170323649854,0.5114,0.831544736842,1.0
chr2,58916303,-0.003598317041108323,0.5106,0.831544736842,1.0
chr2,58916323,-0.003598317048645041,0.5112,0.831544736842,1.0
chr2,58916343,-0.0035983170550357825,0.5112,0.831544736842,1.0
chr2,58916363,-0.0035983170603656367,0.5112,0.831544736842,1.0
chr2,58958643,7.60070952954921e-05,0.9856,0.998623778502,0.9865
chr2,58958663,7.600709638155685e-05,0.9856,0.998623778502,0.991
chr2,58958683,7.60070975272614e-05,0.9856,0.998623778502,0.9946
chr2,58958703,7.600709872358754e-05,0.9856,0.998623778502,0.9967
chr2,58958723,7.600709996033206e-05,0.9854,0.998623778502,0.9978
chr2,58958743,7.60071012270037e-05,0.9852,0.998623778502,0.9982
chr2,58958763,7.600710251119896e-05,0.982,0.998623778502,0.9984
chr2,58958783,7.600710379917254e-05,0.9806,0.998623778502,0.9986
chr2,58958803,7.60071050770812e-05,0.9782,0.998623778502,0.9993
chr2,58958823,7.600710633177401e-05,0.9792,0.998623778502,0.9993
chr2,58958843,7.600710755091066e-05,0.9794,0.998623778502,0.9986
chr2,58958863,7.600710872331e-05,0.982,0.998623778502,0.9982
chr2,58958883,7.600710983927264e-05,0.982,0.998623778502,0.9954
chr2,58958903,7.600711089082309e-05,0.982,0.998623778502,0.9911
chr2,58958923,7.600711187181667e-05,0.982,0.998623778502,0.9823
chr2,58985063,-0.010862964776265171,0.0878,0.282046272494,0.9895
chr2,58985083,-0.01086296480818353,0.0878,0.282046272494,0.9948
chr2,58985103,-0.010862964848439306,0.0878,0.282046272494,0.9962
chr2,58985123,-0.010862964905680688,0.0878,0.282046272494,0.9971
chr2,58985143,-0.010862964998891682,0.0878,0.282046272494,0.9963
chr2,58985163,-0.010862965206035757,0.0878,0.282046272494,0.9963
chr2,58985183,-0.01934827213789391,0.0042,0.044203125,0.9986
chr2,58985203,-0.019348272145354544,0.0042,0.044203125,0.9997
chr2,58985223,-0.01934827215316326,0.0042,0.044203125,0.9997
chr2,58985243,-0.01934827216126384,0.0042,0.044203125,0.9998
chr2,58985263,-0.019348272169570323,0.0042,0.044203125,0.9998
chr2,58985283,-0.019348272177963192,0.0044,0.044203125,0.9999
chr2,58985303,-0.019348272186297456,0.0046,0.044203125,1.0
chr2,58985323,-0.01934827219441384,0.0048,0.0457674418605,1.0
chr2,58985343,-0.019348272202172053,0.0046,0.044203125,1.0
chr2,58985363,-0.01934827220938941,0.005,0.0460143884892,0.9999
chr2,58985383,-0.019348272216006726,0.0044,0.044203125,1.0
chr2,58985403,-0.019348272222014566,0.0044,0.044203125,1.0
chr2,58985423,-0.01934827222736262,0.0046,0.044203125,1.0
chr2,58985443,-0.019348272232101133,0.005,0.0460143884892,1.0
chr2,58985463,-0.019348272236272248,0.005,0.0460143884892,1.0
chr2,58989343,-0.007539486180444208,0.265,0.520595541401,0.9971
chr2,58989363,-0.007539486179261773,0.2648,0.520595541401,0.9982
chr2,58989383,-0.007539486178030827,0.2648,0.520595541401,0.9987
chr2,58989403,-0.007539486176757452,0.2648,0.520595541401,0.9986
chr2,58989423,0.0003280716481533192,0.9284,0.998623778502,0.9985
chr2,58989443,0.0003280716593937199,0.9266,0.998623778502,0.998
chr2,58989463,0.00032807167129772274,0.9286,0.998623778502,0.9989
chr2,58989483,0.0003280716837575745,0.9248,0.998623778502,0.9994
chr2,58989503,0.0003280716967214782,0.9274,0.998623778502,0.9996
chr2,58989523,0.0003280717101254088,0.9234,0.998623778502,0.9999
chr2,58989543,0.00032807172388346476,0.9236,0.998623778502,0.9999
chr2,58989563,0.00032807173788580355,0.9256,0.998623778502,1.0
chr2,58989583,0.00032807175199896953,0.9226,0.998623778502,0.9999
chr2,58989603,0.0003280717660719746,0.9232,0.998623778502,0.9999
chr2,58989623,0.00032807177994694767,0.9258,0.998623778502,0.9999
chr2,58989643,0.00032807179338683657,0.9274,0.998623778502,0.9999
chr2,58989663,0.00032807180624561637,0.9266,0.998623778502,0.9999
chr2,58989683,0.00032807181846580683,0.927,0.998623778502,0.9999
chr2,58989703,0.0003280718299334224,0.9268,0.998623778502,0.9999
chr2,58989723,0.0003280718405669412,0.9264,0.998623778502,0.9999
chr2,59061563,-0.009981497673284783,0.1894,0.431411111111,0.995
chr2,59061583,-0.009981497673460616,0.1894,0.431411111111,0.9957
chr2,59061603,-0.009981497673596792,0.189,0.431411111111,0.9955
chr2,59061623,-0.009981497673696707,0.1888,0.431411111111,0.9947
chr2,59061643,-0.009981497673745558,0.1884,0.431411111111,0.9907
chr2,59061663,-0.009981497673743851,0.1876,0.431411111111,0.9942
chr2,59061683,-0.009981497673692516,0.1812,0.426149139579,0.9961
chr2,59061703,-0.009981497673589055,0.172,0.411731285988,0.9979
chr2,59061723,-0.0099814976734321,0.1624,0.393212598425,0.9991
chr2,59061743,-0.00998149767322165,0.1526,0.376148296593,0.9995
chr2,59061763,-0.009981497672959503,0.1464,0.364278787879,0.9998
chr2,59061783,-0.009981497672649008,0.142,0.356951020408,0.9999
chr2,59061803,-0.009981497672295319,0.141,0.356397540984,0.9998
chr2,59061823,-0.009981497671905306,0.1402,0.356397540984,0.9999
chr2,59061843,-0.009981497671487231,0.1408,0.356397540984,0.9997
chr2,59061863,-0.009981497671040045,0.1414,0.356397540984,0.9999
chr2,59061883,-0.00998149767056423,0.1414,0.356397540984,1.0
chr2,59061903,-0.009981497670084445,0.1412,0.356397540984,1.0
chr2,59061923,-0.009981497669613032,0.1412,0.356397540984,1.0
chr2,59098883,-0.01641713991850688,0.0164,0.107871657754,1.0
chr2,59098903,-0.016417139917124967,0.0164,0.107871657754,1.0
chr2,59098923,-0.016417139915044163,0.0164,0.107871657754,1.0
chr2,59098943,-0.016417139912068685,0.0164,0.107871657754,1.0
chr2,59098963,-0.016417139908323296,0.0164,0.107871657754,1.0
chr2,59098983,-0.01641713990371459,0.0164,0.107871657754,1.0
chr2,59099003,-0.01641713989835761,0.0164,0.107871657754,1.0
chr2,59099023,-0.016417139892355517,0.0164,0.107871657754,1.0
chr2,59099043,-0.016417139885744038,0.0162,0.107871657754,1.0
chr2,59099063,-0.016417139878580667,0.016,0.107871657754,1.0
chr2,59099083,-0.016417139870941164,0.0174,0.113238095238,1.0
chr2,59099103,-0.016417139862914754,0.0172,0.112531914894,1.0
chr2,59099123,-0.0136820244642883,0.0396,0.196411067194,0.9999
chr2,59099143,-0.013682022436075554,0.0396,0.196411067194,0.9998
chr2,59099163,-0.013682021799053262,0.0404,0.196411067194,0.9999
chr2,59099183,-0.013682021463449946,0.0404,0.196411067194,0.9999
chr2,59099203,-0.013682021279774742,0.0404,0.196411067194,0.9998
chr2,59099223,-0.013682021161533397,0.04,0.196411067194,0.9998
chr2,59099243,-0.013682021077716574,0.0402,0.196411067194,0.9998
chr2,59099263,-0.013682021014265097,0.0404,0.196411067194,0.9998
chr2,59119183,-0.000760754167615628,0.918,0.998623778502,0.9992
chr2,59119203,-0.0007607541686759588,0.918,0.998623778502,0.9993
chr2,59119223,-0.0007607541687549747,0.9174,0.998623778502,0.9994
chr2,59119243,-0.0007607541675101829,0.917,0.998623778502,0.999
chr2,59119263,-0.0007607541648928854,0.9176,0.998623778502,0.9989
chr2,59119283,-0.0007607541604137749,0.916,0.998623778502,0.9984
chr2,59119303,-0.0007607541538160344,0.9176,0.998623778502,0.9988
chr2,59119323,-0.0007607541443315984,0.9164,0.998623778502,0.9991
chr2,59119343,-0.000760754130671063,0.9156,0.998623778502,0.9995
chr2,59119363,-0.0007607541104614353,0.9212,0.998623778502,0.9991
chr2,59119383,-0.0007607540786703802,0.9242,0.998623778502,0.9988
chr2,59119403,-0.0007607540225155504,0.9214,0.998623778502,0.9984
chr2,59119423,-0.0007607539055971997,0.9254,0.998623778502,0.9966
chr2,59119443,-0.0007607536790842892,0.9234,0.998623778502,0.9938
chr2,59119463,-0.0007607536057435847,0.9258,0.998623778502,0.9903
chr2,59119483,0.003850432689002335,0.5938,0.911144981413,0.9932
chr2,59119503,0.003850433122153612,0.5952,0.911144981413,0.994
chr2,59119523,0.0038504333868053806,0.597,0.911144981413,0.9944
chr2,59119543,0.0038504335011290457,0.5978,0.911144981413,0.9929
chr2,59119563,0.0038504335545637538,0.5976,0.911144981413,0.9901
chr2,59194863,-0.003907668640632458,0.596,0.911144981413,0.9977
chr2,59194883,-0.003907668640304399,0.5958,0.911144981413,0.9977
chr2,59194903,-0.003907668639856168,0.5958,0.911144981413,0.9977
chr2,59194923,-0.003907668639281663,0.5956,0.911144981413,0.9972
chr2,59194943,-0.003907668638585769,0.5962,0.911144981413,0.9949
chr2,59194963,-0.003907668637779036,0.5966,0.911144981413,0.9955
chr2,59194983,-0.003907668636872007,0.5964,0.911144981413,0.9969
chr2,59195003,-0.003907668635867741,0.595,0.911144981413,0.998
chr2,59195023,-0.003907668634772053,0.5974,0.911144981413,0.998
chr2,59195043,-0.003907668633593786,0.5962,0.911144981413,0.9982
chr2,59195063,-0.003907668632344665,0.5898,0.911144981413,0.9984
chr2,59195083,-0.003907668631038209,0.5974,0.911144981413,0.9984
chr2,59195103,-0.003907668629689011,0.5958,0.911144981413,0.9982
chr2,59195123,-0.003907668628312752,0.5986,0.911235148515,0.9977
chr2,59195143,-0.003907668626925857,0.6034,0.913498154982,0.996
chr2,59195163,-0.003907668625543541,0.6004,0.912845488257,0.9975
chr2,59195183,-0.003907668624173946,0.6018,0.913498154982,0.998
chr2,59195203,-0.003907668622834021,0.6038,0.913498154982,0.9982
chr2,59195223,-0.003907668621540353,0.6034,0.913498154982,0.9974
chr2,59252283,-0.010070893458098806,0.1052,0.3156,0.9991
chr2,59252303,-0.010070893412487887,0.1052,0.3156,0.999
chr2,59252323,-0.010070893352900354,0.1052,0.3156,0.9989
chr2,59252343,-0.010070893271794844,0.1052,0.3156,0.9991
chr2,59252363,-0.010070893156329183,0.1048,0.3156,0.9995
chr2,59252383,-0.010070892977352844,0.1044,0.3156,0.9998
chr2,59252403,-0.010070892660853264,0.1026,0.313146401985,0.9998
chr2,59252423,-0.010070891961693163,0.0958,0.300596938776,0.9999
chr2,59252443,-0.010070890738100314,0.0926,0.292046153846,0.9999
chr2,59252463,-0.009554103152570655,0.1146,0.330597285068,0.9999
chr2,59252483,-0.009554101903638892,0.115,0.330597285068,0.9999
chr2,59252503,-0.009554101427913011,0.1188,0.330597285068,0.9998
chr2,59252523,-0.009554101185027895,0.1184,0.330597285068,0.9995
chr2,59252543,-0.009554101037695892,0.118,0.330597285068,0.9993
chr2,59252563,-0.009554100938406803,0.1188,0.330597285068,0.9993
chr2,59252583,-0.009554100865714048,0.1188,0.330597285068,0.9993
chr2,59252603,-0.009554100810975972,0.1188,0.330597285068,0.9993
chr2,59261283,0.0011997778029446524,0.883,0.998623778502,0.6417
chr2,59261303,0.001199777802175113,0.883,0.998623778502,0.7743
chr2,59261323,0.001199777801253407,0.8832,0.998623778502,0.8306
chr2,59261343,0.0011997778001539825,0.883,0.998623778502,0.8708
chr2,59261363,0.0011997777988465123,0.8844,0.998623778502,0.9281
chr2,59261383,0.0011997777972854462,0.884,0.998623778502,0.9477
chr2,59261403,0.0011997777954089056,0.8878,0.998623778502,0.9606
chr2,59261423,0.0011997777931296103,0.8838,0.998623778502,0.9728
chr2,59261443,0.0011997777903197699,0.8842,0.998623778502,0.957
chr2,59261463,0.0011997777867882135,0.88,0.998623778502,0.9625
chr2,59261483,0.0011997777822335244,0.874,0.998623778502,0.9694
chr2,59261503,0.0011997777761514111,0.8732,0.998623778502,0.9748
chr2,59261523,0.0011997777676173455,0.8738,0.998623778502,0.9757
chr2,59261543,0.0011997777545954568,0.8724,0.998623778502,0.9738
chr2,59261563,0.001199777732624353,0.8694,0.998623778502,0.9719
chr2,59261583,0.0011997774075148224,0.866,0.998623778502,0.9568
chr2,59261603,0.0005987297394862366,0.9292,0.998623778502,0.9526
chr2,59261623,0.0005987297311333755,0.9294,0.998623778502,0.9348
chr2,59261643,0.0005987297220289592,0.9276,0.998623778502,0.8726
chr2,59261663,0.0005987297119635308,0.929,0.998623778502,0.8347
chr2,59261683,0.0005987297006398199,0.9284,0.998623778502,0.7624
chr2,59261703,0.000598729687586485,0.9278,0.998623778502,0.6571
chr2,59261723,0.0005987296720004307,0.9278,0.998623778502,0.4581
chr2,59261743,9.788521422245658e-05,0.9832,0.998623778502,0.36
chr2,59261763,9.788519434752687e-05,0.989,0.998623778502,0.2742
chr2,59261783,9.788517459864045e-05,0.9888,0.998623778502,0.2054
chr2,59261803,9.788515838800658e-05,0.9888,0.998623778502,0.1218
chr2,59261823,9.78851492916673e-05,0.984,0.998623778502,0.128
chr2,59261843,9.788514275164826e-05,0.9848,0.998623778502,0.1488
chr2,59261863,9.788513763163793e-05,0.9858,0.998623778502,0.1886
chr2,59261883,9.788513335925821e-05,0.9854,0.998623778502,0.2584
chr2,59261903,9.788512860847854e-05,0.9876,0.998623778502,0.4275
chr2,59261923,9.788512366541903e-05,0.9848,0.998623778502,0.6244
chr2,59261943,9.78851190555017e-05,0.9824,0.998623778502,0.8433
chr2,59261963,9.788511493247021e-05,0.9772,0.998623778502,0.955
chr2,59261983,9.788511142976018e-05,0.9772,0.998623778502,0.9868
chr2,59262003,9.78851084776958e-05,0.9784,0.998623778502,0.9959
chr2,59262023,9.788510608974368e-05,0.9788,0.998623778502,0.9986
chr2,59262043,9.788510421273175e-05,0.9784,0.998623778502,0.9991
chr2,59262063,9.788510298495218e-05,0.9778,0.998623778502,0.9994
chr2,59262083,9.788510232398247e-05,0.9764,0.998623778502,0.9997
chr2,59262103,9.788510221793953e-05,0.9796,0.998623778502,0.9997
chr2,59262123,9.788510257126028e-05,0.981,0.998623778502,0.9998
chr2,59262143,9.788510331374218e-05,0.9816,0.998623778502,0.9999
chr2,59262163,9.78851043542128e-05,0.9778,0.998623778502,0.9998
chr2,59262183,9.788510563148327e-05,0.9788,0.998623778502,0.9999
chr2,59262203,9.788510709491177e-05,0.9756,0.998623778502,0.9999
chr2,59262223,9.788510869900935e-05,0.9776,0.998623778502,0.9999
chr2,59262243,9.788511040270075e-05,0.981,0.998623778502,1.0
chr2,59262263,9.788511216821176e-05,0.9794,0.998623778502,1.0
chr2,59262283,9.788511396133013e-05,0.979,0.998623778502,1.0
chr2,59262303,9.788511575149667e-05,0.9794,0.998623778502,0.9999
chr2,59262323,9.788511751189297e-05,0.9772,0.998623778502,1.0
chr2,59262343,9.788511919797616e-05,0.976,0.998623778502,1.0
chr2,59262363,9.788512079402101e-05,0.9754,0.998623778502,1.0
chr2,59262383,9.788512227784017e-05,0.9744,0.998623778502,1.0
chr2,59262403,9.7885123632571e-05,0.9744,0.998623778502,1.0
chr2,59262423,9.788512485702598e-05,0.9744,0.998623778502,1.0
chr2,59310223,-0.0005457618267654718,0.9556,0.998623778502,1.0
chr2,59310243,-0.000545761835827107,0.9554,0.998623778502,1.0
chr2,59310263,-0.0005457618458456897,0.9554,0.998623778502,1.0
chr2,59310283,-0.0005457618567740046,0.956,0.998623778502,1.0
chr2,59310303,-0.0005457618685368783,0.9558,0.998623778502,1.0
chr2,59310323,-0.0005457618810831786,0.9574,0.998623778502,1.0
chr2,59310343,-0.0005457618943002428,0.9542,0.998623778502,1.0
chr2,59310363,-0.0005457619080580688,0.9554,0.998623778502,1.0
chr2,59310383,-0.000545761922194546,0.956,0.998623778502,1.0
chr2,59310403,-0.0005457619365846969,0.9496,0.998623778502,1.0
chr2,59310423,-0.0005457619510971126,0.9488,0.998623778502,0.9999
chr2,59310443,-0.0005457619655966997,0.9542,0.998623778502,0.9999
chr2,59310463,-0.0005457619799483507,0.9518,0.998623778502,0.9999
chr2,59310483,-0.0005457619940204869,0.9538,0.998623778502,0.9997
chr2,59310503,-0.0005457620076894404,0.9612,0.998623778502,0.9997
chr2,59310523,-0.0005457620207994183,0.9638,0.998623778502,0.9997
chr2,59310543,-0.0005457620332046724,0.9632,0.998623778502,0.9998
chr2,59310563,-0.0005457620448224921,0.9672,0.998623778502,0.9997
chr2,59310583,-0.0005457620555864,0.9668,0.998623778502,0.9997
chr2,59310603,-0.0005457620654140085,0.9672,0.998623778502,0.9997
chr2,59310623,-0.0005457620742856861,0.9678,0.998623778502,0.9994
chr2,59311443,0.008494386776537488,0.1336,0.352933618844,0.9995
chr2,59311463,0.008494378869577091,0.1336,0.352933618844,0.9998
chr2,59311483,0.00788763026457054,0.1618,0.392532544379,0.9998
chr2,59311503,0.00788763019339281,0.1612,0.391849802372,1.0
chr2,59311523,0.007887630118239723,0.16,0.389702970297,0.9998
chr2,59311543,0.007887630039899946,0.1594,0.389702970297,0.9998
chr2,59311563,0.007887629959147597,0.157,0.385449101796,0.9998
chr2,59311583,0.007887629876626358,0.153,0.37638,0.9997
chr2,59311603,0.007887629793266019,0.1466,0.364278787879,0.9998
chr2,59311623,0.007887629709815191,0.1428,0.357727087576,0.9998
chr2,59311643,0.00788762962722027,0.1402,0.356397540984,0.9999
chr2,59311663,0.007887629546280106,0.1372,0.354301886792,0.9999
chr2,59311683,0.00788762946777007,0.1354,0.354301886792,0.9999
chr2,59311703,0.007887629392417017,0.1336,0.352933618844,1.0
chr2,59311723,0.007887629320640528,0.133,0.352933618844,1.0
chr2,59311743,0.007887629253500391,0.134,0.352933618844,1.0
chr2,59311763,0.007887629192054196,0.1366,0.354301886792,1.0
chr2,59311783,0.007887629136909949,0.141,0.356397540984,1.0
chr2,59311803,0.00788762908875961,0.1448,0.361265720081,1.0
chr2,59311823,0.007887629048295323,0.1486,0.368504032258,1.0
chr2,59311843,0.007887629015766997,0.1524,0.376148296593,1.0
chr2,59311863,0.00788762899105022,0.1582,0.387621513944,1.0
chr2,59311883,0.007887628973452325,0.1636,0.394564705882,1.0
chr2,59311903,0.008723466066588189,0.1316,0.352933618844,0.9999
chr2,59311923,0.008723466070243099,0.1338,0.352933618844,0.9998
chr2,59311943,0.008723466074010375,0.1358,0.354301886792,0.9995
chr2,59311963,0.0087234660777767,0.136,0.354301886792,0.9989
chr2,59311983,0.008723466081396371,0.1364,0.354301886792,0.9976
chr2,59324103,-0.002475736751994177,0.7306,0.998623778502,0.9998
chr2,59324123,-0.0024757367615761863,0.7308,0.998623778502,1.0
chr2,59324143,-0.002475736772164039,0.731,0.998623778502,1.0
chr2,59324163,-0.0024757367837555497,0.7316,0.998623778502,1.0
chr2,59324183,-0.002475736796333411,0.7312,0.998623778502,1.0
chr2,59324203,-0.002475736809821311,0.7312,0.998623778502,1.0
chr2,59324223,-0.0024757368241696406,0.7316,0.998623778502,1.0
chr2,59324243,-0.002475736839250953,0.7344,0.998623778502,0.9999
chr2,59324263,-0.002475736854940338,0.7326,0.998623778502,0.9993
chr2,59324283,-0.002475736871100081,0.7344,0.998623778502,0.9979
chr2,59324303,-0.002475736887569119,0.7314,0.998623778502,0.9981
chr2,59324323,-0.002475736904184308,0.7332,0.998623778502,0.998
chr2,59324343,-0.0024757369208065123,0.7334,0.998623778502,0.9975
chr2,59324363,-0.002475736937296498,0.7312,0.998623778502,0.997
chr2,59324383,-0.0024757369535185797,0.7282,0.998623778502,0.9966
chr2,59324403,-0.002475736969277482,0.7276,0.998623778502,0.9973
chr2,59324423,-0.002475736984407782,0.7286,0.998623778502,0.9984
chr2,59324443,-0.002475736998788276,0.7334,0.998623778502,0.999
chr2,59324463,-0.0024757370123506617,0.7378,0.998623778502,0.9996
chr2,59324483,-0.0024757370250202983,0.7364,0.998623778502,0.9994
chr2,59324503,-0.0024757370367332245,0.7366,0.998623778502,0.9995
chr2,59324523,-0.0024757370474560937,0.7376,0.998623778502,0.9994
chr2,59324543,-0.0024757370571578024,0.738,0.998623778502,0.9992
chr2,59324563,-0.0024757370658431547,0.7378,0.998623778502,0.9991
chr2,59395863,0.01162133149604268,0.086,0.282046272494,0.9968
chr2,59395883,0.011621331517441982,0.086,0.282046272494,0.998
chr2,59395903,0.011621331541621692,0.086,0.282046272494,0.9989
chr2,59395923,0.011621331567103727,0.086,0.282046272494,0.9992
chr2,59395943,0.011621331592018775,0.0858,0.282046272494,0.9989
chr2,59395963,0.011621331616162314,0.0858,0.282046272494,0.9986
chr2,59395983,0.011621331639900622,0.0854,0.282046272494,0.9975
chr2,59396003,0.011621331663366577,0.085,0.282046272494,0.9987
chr2,59396023,0.011621331686526843,0.0846,0.282046272494,0.9992
chr2,59396043,0.011621331709041364,0.0846,0.282046272494,0.9995
chr2,59396063,0.011621331730782234,0.0818,0.282046272494,0.9996
chr2,59396083,0.011621331751706196,0.0812,0.282046272494,0.9998
chr2,59396103,0.011621331771775144,0.0768,0.281038575668,0.9998
chr2,59396123,0.001991515881616577,0.7194,0.998623778502,0.9996
chr2,59396143,0.0019915158712444396,0.7228,0.998623778502,0.9996
chr2,59396163,0.0019915158617592413,0.7254,0.998623778502,0.9993
chr2,59396183,0.0019915158531042965,0.7254,0.998623778502,0.9995
chr2,59396203,0.001991515845488598,0.726,0.998623778502,0.9996
chr2,59396223,0.001991515838983202,0.7272,0.998623778502,0.9996
chr2,59396243,0.0019915158335296035,0.727,0.998623778502,0.9996
chr2,59396263,0.001991515828878403,0.7266,0.998623778502,0.9996
chr2,59397243,0.008256272050803483,0.2224,0.477403141361,0.9989
chr2,59397263,0.008256272058038285,0.2224,0.477403141361,0.9993
chr2,59397283,0.008256272066023715,0.2224,0.477403141361,0.9995
chr2,59397303,0.008256272074743429,0.2224,0.477403141361,0.9993
chr2,59397323,0.008256272084148036,0.222,0.477403141361,0.9991
chr2,59397343,0.008256272094148797,0.2218,0.477403141361,0.9986
chr2,59397363,0.008256272104650226,0.2216,0.477403141361,0.9991
chr2,59397383,0.00825627211553288,0.2212,0.477403141361,0.9992
chr2,59397403,0.008256272126703787,0.222,0.477403141361,0.9994
chr2,59397423,0.008256272138062163,0.2194,0.477403141361,0.9997
chr2,59397443,0.008256272149502654,0.217,0.477403141361,0.9998
chr2,59397463,0.008256272160918395,0.2158,0.477403141361,0.9997
chr2,59397483,0.008256272172202931,0.2194,0.477403141361,0.9996
chr2,59397503,0.008256272183253296,0.2224,0.477403141361,0.9995
chr2,59397523,0.008256272193972666,0.226,0.480587628866,0.9991
chr2,59397543,0.008256272204210918,0.2268,0.480587628866,0.9993
chr2,59397563,0.008256272213867395,0.2272,0.480587628866,0.9994
chr2,59397583,0.00825627222288932,0.2274,0.480587628866,0.9996
chr2,59397603,0.008256272231236367,0.228,0.480626712329,0.9998
chr2,59397623,0.008256272238876435,0.2282,0.480626712329,0.9994
chr2,59403903,0.011741388101790132,0.1002,0.307805970149,0.9942
chr2,59403923,0.011741388148620503,0.1002,0.307805970149,0.998
chr2,59403943,0.011741388212060316,0.1002,0.307805970149,0.999
chr2,59403963,0.011741388305102081,0.1002,0.307805970149,0.9993
chr2,59403983,0.011741388454527796,0.1004,0.307805970149,0.9998
chr2,59404003,0.011741388733105373,0.1,0.307805970149,0.9999
chr2,59404023,0.011741389434925555,0.1006,0.307805970149,1.0
chr2,59404043,0.01174139590016716,0.0992,0.307805970149,1.0
chr2,59404063,0.013159765108479162,0.0658,0.259361022364,1.0
chr2,59404083,0.013159766084584468,0.0648,0.259361022364,1.0
chr2,59404103,0.013159766423379618,0.0672,0.261520504732,0.9999
chr2,59404123,0.013159766595779943,0.0674,0.261520504732,1.0
chr2,59404143,0.013159766699792323,0.0686,0.262755417957,0.9993
chr2,59404163,0.013159766769137259,0.0688,0.262755417957,0.9984
chr2,59404183,0.013159766818566742,0.0686,0.262755417957,0.9971
chr2,59404203,0.013159766854966452,0.0686,0.262755417957,0.9918
chr2,59409403,-0.009870423392468727,0.0886,0.282046272494,0.9999
chr2,59409423,-0.009870423392543263,0.0886,0.282046272494,1.0
chr2,59409443,-0.009870423392492512,0.0886,0.282046272494,0.9999
chr2,59409463,-0.009870423392280163,0.0886,0.282046272494,0.9999
chr2,59409483,-0.009870423391905903,0.0886,0.282046272494,0.9999
chr2,59409503,-0.009870423391344613,0.0888,0.282046272494,0.9999
chr2,59409523,-0.009870423390622019,0.0882,0.282046272494,0.9999
chr2,59409543,-0.009870423389741955,0.0878,0.282046272494,0.9999
chr2,59409563,-0.009870423388713676,0.0886,0.282046272494,0.9999
chr2,59409583,-0.00987042338755011,0.0886,0.282046272494,0.9999
chr2,59409603,-0.009870423386266324,0.0892,0.282046272494,0.9999
chr2,59409623,-0.0073908539945678805,0.21,0.470491803279,0.9999
chr2,59409643,-0.00739085164436575,0.219,0.477403141361,0.9999
chr2,59409663,-0.007390851063978841,0.2292,0.481907692308,0.9998
chr2,59409683,-0.007390850934004565,0.2346,0.492419795222,0.9996
chr2,59409703,-0.0073908508610786875,0.2376,0.497867120954,0.9996
chr2,59409723,-0.00739085080186422,0.2388,0.498243654822,0.9997
chr2,59409743,-0.007390850752061267,0.2394,0.498243654822,0.9998
chr2,59409763,-0.007390850710592009,0.2394,0.498243654822,0.9996
chr2,59528903,-0.008229981536262344,0.2772,0.536411302983,0.9872
chr2,59528923,-0.008229981563030637,0.2772,0.536411302983,0.9925
chr2,59528943,-0.00822998160651109,0.2772,0.536411302983,0.9939
chr2,59528963,-0.008229981671663816,0.2774,0.536411302983,0.9926
chr2,59528983,-0.008229981783915187,0.277,0.536411302983,0.9918
chr2,59529003,-0.008229982005888783,0.275,0.536411302983,0.9878
chr2,59529023,-0.008229982386783824,0.272,0.531891891892,0.9921
chr2,59529043,-0.016066286469855577,0.049,0.22784501845,0.9946
chr2,59529063,-0.01606628647428645,0.0462,0.220355212355,0.9963
chr2,59529083,-0.016066286478566554,0.039,0.195795918367,0.9977
chr2,59529103,-0.0160662864826092,0.0314,0.16159832636,0.9986
chr2,59529123,-0.016066286486319963,0.0258,0.138769230769,0.9994
chr2,59529143,-0.016066286489602503,0.0192,0.119878172589,1.0
chr2,59529163,-0.016066286492379053,0.0162,0.107871657754,1.0
chr2,59529183,-0.016066286494627473,0.0142,0.100379310345,1.0
chr2,59529203,-0.01606628649629444,0.0136,0.0966936416185,1.0
chr2,59529223,-0.01606628649751835,0.0136,0.0966936416185,1.0
chr2,59529243,-0.01606628649853101,0.0136,0.0966936416185,1.0
chr2,59529263,-0.016066286499508153,0.0136,0.0966936416185,1.0
chr2,59529283,-0.016066286500446326,0.0136,0.0966936416185,1.0
chr2,59764243,0.0034953313751941023,0.6114,0.91696350365,0.9979
chr2,59764263,0.003495331373485287,0.6114,0.91696350365,0.9984
chr2,59764283,0.0034953313716204995,0.6114,0.91696350365,0.9982
chr2,59764303,0.0034953313695279663,0.6114,0.91696350365,0.9982
chr2,59764323,0.0034953313672059813,0.6118,0.91696350365,0.9984
chr2,59764343,0.0034953313646071725,0.612,0.91696350365,0.9991
chr2,59764363,0.003495331361749319,0.6128,0.91696350365,0.9995
chr2,59764383,0.003495331358663394,0.6124,0.91696350365,0.9997
chr2,59764403,0.003495331355395789,0.6102,0.91696350365,0.9997
chr2,59764423,0.0034953313520074674,0.6142,0.917723300971,0.9997
chr2,59764443,0.0034953313485727895,0.6148,0.917723300971,0.9995
chr2,59764463,0.003495331345170505,0.6204,0.92496,0.9991
chr2,59764483,0.0034953313418707305,0.6262,0.932476997579,0.9984
chr2,59764503,0.003495331338732327,0.6308,0.938191051995,0.9976
chr2,59764523,0.003495331335797389,0.6376,0.941230215827,0.9955
chr2,59764543,0.0034953313330822857,0.6418,0.942902147971,0.9951
chr2,59764563,0.0034953313306727175,0.6422,0.942902147971,0.9961
chr2,59764583,0.003495331328561094,0.6424,0.942902147971,0.9957
chr2,59764603,0.003495331326732536,0.6422,0.942902147971,0.9947
chr2,59812083,-0.00014394782494611178,0.9968,0.998623778502,0.9973
chr2,59812103,-0.0001439478270226686,0.997,0.998623778502,0.9976
chr2,59812123,-0.0001439478294407719,0.9968,0.998623778502,0.9973
chr2,59812143,-0.00014394783222283143,0.9968,0.998623778502,0.9974
chr2,59812163,-0.00014394783541453446,0.9956,0.998623778502,0.9968
chr2,59812183,-0.000143947838976137,0.9952,0.998623778502,0.9959
chr2,59812203,-0.00014394784283181235,0.9944,0.998623778502,0.9969
chr2,59812223,-0.00014394784694808142,0.997,0.998623778502,0.9982
chr2,59812243,-0.00014394785126858523,0.9906,0.998623778502,0.9991
chr2,59812263,-0.0001439478557208921,0.9952,0.998623778502,0.9994
chr2,59812283,-0.00014394786022509356,0.9992,0.9992,0.9999
chr2,59812303,-0.00014394786469584553,0.998,0.998812042311,1.0
chr2,59812323,-0.0001439478690460853,0.996,0.998623778502,0.9999
chr2,59812343,-0.00014394787320014244,0.997,0.998623778502,1.0
chr2,59812363,-0.00014394787709846272,0.9962,0.998623778502,1.0
chr2,59812383,-0.00014394788070540952,0.9956,0.998623778502,1.0
chr2,59812403,-0.00014394788404917738,0.9956,0.998623778502,1.0
chr2,59812423,-0.00014394788692357596,0.9958,0.998623778502,1.0
chr2,59812443,-0.00014394788940678036,0.9958,0.998623778502,1.0
chr2,59812463,-0.00014394789157595028,0.9958,0.998623778502,1.0
chr2,60379343,0.008704222099517687,0.1878,0.431411111111,0.9347
chr2,60379363,0.008704222098838869,0.1878,0.431411111111,0.9696
chr2,60379383,0.008704222098582882,0.1878,0.431411111111,0.9829
chr2,60379403,0.008704222098972663,0.1878,0.431411111111,0.9916
chr2,60379423,0.00870422210015153,0.1878,0.431411111111,0.9966
chr2,60379443,0.008704222102054786,0.1876,0.431411111111,0.9986
chr2,60379463,0.008704222104796397,0.1876,0.431411111111,0.9996
chr2,60379483,0.008704222108243606,0.1878,0.431411111111,0.9999
chr2,60379503,0.008704222112385144,0.188,0.431411111111,0.9999
chr2,60379523,0.008704222117243955,0.1904,0.432088560886,0.9999
chr2,60379543,0.0087042221228175,0.1904,0.432088560886,0.9999
chr2,60379563,0.008704222129076705,0.1936,0.438541436464,0.9999
chr2,60379583,0.008704222135963795,0.1974,0.445959633028,0.9998
chr2,60379603,0.008704222143396763,0.204,0.458720292505,0.9997
chr2,60379623,0.00870422215127787,0.2128,0.475034482759,0.9996
chr2,60379643,0.008704222159493116,0.2214,0.477403141361,0.9991
chr2,60379663,0.008704222167992869,0.2238,0.479571428571,0.9985
chr2,60379683,0.008704222176651141,0.2254,0.480587628866,0.9964
chr2,60379703,0.008704222185346838,0.227,0.480587628866,0.9934
chr2,60379723,0.008704222193964257,0.2262,0.480587628866,0.988
chr2,60379743,0.008704222202391962,0.2262,0.480587628866,0.979
chr2,60533283,-0.00488396900117956,0.4918,0.817783783784,0.9988
chr2,60533303,-0.004883969010659997,0.4918,0.817783783784,0.999
chr2,60533323,-0.0048839690210694085,0.4918,0.817783783784,0.9992
chr2,60533343,-0.004883969032289897,0.492,0.817783783784,0.9994
chr2,60533363,-0.004883969044113729,0.4928,0.818008097166,0.9991
chr2,60533383,-0.004883969056191999,0.491,0.817783783784,0.9991
chr2,60533403,-0.004883969068784378,0.4892,0.817783783784,0.9992
chr2,60533423,-0.0048839690815494,0.4854,0.815631147541,0.9992
chr2,60533443,-0.004883969094212015,0.4836,0.813718194254,0.9998
chr2,60533463,-0.004883969106549659,0.4786,0.807514403292,0.9998
chr2,60533483,-0.004883969118344407,0.4696,0.794508940853,0.9999
chr2,60533503,-0.004883969129417894,0.4654,0.788487603306,1.0
chr2,60533523,-0.004883969139678131,0.464,0.7872,0.9998
chr2,60533543,-0.004883969149172208,0.471,0.795782967033,0.9995
chr2,60533563,-0.004883969158085001,0.48,0.808767123288,0.9981
chr2,60533583,-0.004883969166528755,0.4916,0.817783783784,0.9976
chr2,60533603,-0.004883969174511254,0.4902,0.817783783784,0.9979
chr2,60533623,-0.004883969182190343,0.4962,0.822541778976,0.9984
chr2,60533643,-0.0048839691898958666,0.5008,0.829049798116,0.998
chr2,60533663,-0.004883969197432375,0.5024,0.829795973154,0.9983
chr2,60533683,-0.0048839692044827165,0.5026,0.829795973154,0.9975
chr2,60564123,0.005098976270027823,0.3812,0.692579025111,1.0
chr2,60564143,0.005098976258675176,0.3812,0.692579025111,1.0
chr2,60564163,0.005098976245927343,0.381,0.692579025111,1.0
chr2,60564183,0.005098976231881622,0.3806,0.692579025111,1.0
chr2,60564203,0.005098976216534812,0.3794,0.692579025111,1.0
chr2,60564223,0.005098976199823692,0.3776,0.691142857143,1.0
chr2,60564243,0.00509897618196886,0.3732,0.684107302534,0.9999
chr2,60564263,0.005098976163126469,0.3708,0.68072238806,0.9999
chr2,60564283,-0.006934796813860324,0.249,0.513015075377,0.9998
chr2,60564303,-0.006934807577477119,0.2444,0.506080808081,0.9999
chr2,60564323,-0.00693480765255566,0.241,0.499881956155,1.0
chr2,60564343,-0.006934807677547936,0.2394,0.498243654822,1.0
chr2,60564363,-0.006934807689404903,0.2408,0.499881956155,1.0
chr2,60564383,-0.006934807695844295,0.2476,0.511845378151,0.9999
chr2,60564403,-0.006934807699474754,0.2538,0.52029,0.9998
chr2,60564423,-0.006934807701468608,0.2576,0.520595541401,0.9999
chr2,60564443,-0.0069348077022054625,0.2586,0.520595541401,0.9999
chr2,60564463,-0.006934807702066557,0.2594,0.520595541401,1.0
chr2,60564483,-0.006934807701340558,0.2602,0.520595541401,1.0
chr2,60564503,-0.006934807700210288,0.2606,0.520595541401,1.0
chr2,60564523,-0.006934807698823642,0.2604,0.520595541401,0.9999
chr2,60606823,0.014393941039737885,0.0502,0.22784501845,0.9996
chr2,60606843,0.014393941036132963,0.0502,0.22784501845,0.9996
chr2,60606863,0.014393941032242735,0.0498,0.22784501845,0.9997
chr2,60606883,0.01439394102805772,0.0496,0.22784501845,0.9997
chr2,60606903,0.01439394102357816,0.0502,0.22784501845,0.9994
chr2,60606923,0.014393941018850432,0.049,0.22784501845,0.9989
chr2,60606943,0.014393941013899632,0.0494,0.22784501845,0.9992
chr2,60606963,0.01686752401872264,0.0226,0.131122641509,0.9992
chr2,60606983,0.01686752443951548,0.0232,0.133971830986,0.9994
chr2,60607003,0.03266956722132774,0.0002,0.003075,0.9991
chr2,60607023,0.03266957041779335,0.0002,0.003075,0.9989
chr2,60607043,0.03266957071257625,0.0008,0.0111818181818,0.9981
chr2,60607063,0.03266957081302471,0.0004,0.006,0.9961
chr2,60607083,0.03266957086096868,0.0006,0.00878571428571,0.9944
chr2,60607103,0.0326695708869209,0.001,0.0132258064516,0.989
chr2,60607123,0.03266957090091415,0.001,0.0132258064516,0.9936
chr2,60607143,0.03266957090822606,0.001,0.0132258064516,0.9951
chr2,60607163,0.03266957091263786,0.001,0.0132258064516,0.9955
chr2,60607183,0.032669570914369984,0.0014,0.0179375,0.9948
chr2,60607203,0.03266957091419853,0.0014,0.0179375,0.9943
chr2,60611263,0.0020614937428186215,0.7526,0.998623778502,0.9924
chr2,60611283,0.0020614937356724125,0.7528,0.998623778502,0.9936
chr2,60611303,0.002061493727171682,0.7526,0.998623778502,0.9943
chr2,60611323,0.0020614937170527234,0.753,0.998623778502,0.9934
chr2,60611343,0.0020614937050040948,0.7536,0.998623778502,0.9953
chr2,60611363,0.002061493690330165,0.754,0.998623778502,0.9967
chr2,60611383,0.002061493671970782,0.7506,0.998623778502,0.9984
chr2,60611403,0.002061493648229355,0.7502,0.998623778502,0.9992
chr2,60611423,0.0020614936171065206,0.7474,0.998623778502,0.9994
chr2,60611443,0.0020614935772371003,0.7458,0.998623778502,0.9997
chr2,60611463,0.0020614935150738414,0.7456,0.998623778502,0.9997
chr2,60611483,0.002061493451214044,0.7428,0.998623778502,0.9999
chr2,60611503,0.002061493411424867,0.744,0.998623778502,0.9999
chr2,60611523,0.0020614933797427778,0.7462,0.998623778502,0.9999
chr2,60611543,0.0020614933554030527,0.744,0.998623778502,0.9999
chr2,60611563,0.00206149333677369,0.745,0.998623778502,0.9997
chr2,60611583,0.0020614933226921,0.745,0.998623778502,0.9998
chr2,60611603,0.002061493311731584,0.7454,0.998623778502,0.9998
chr2,60611623,0.002061493302894117,0.7452,0.998623778502,0.9996
chr2,60614303,-0.004664855222565009,0.3972,0.712180758017,0.9999
chr2,60614323,-0.004664855200243126,0.3972,0.712180758017,1.0
chr2,60614343,-0.004664855175324771,0.3966,0.712180758017,1.0
chr2,60614363,-0.004664855147827451,0.3966,0.712180758017,1.0
chr2,60614383,-0.004664855117872836,0.3966,0.712180758017,1.0
chr2,60614403,-0.004664855085648307,0.3936,0.711952941176,1.0
chr2,60614423,-0.0046648550514196314,0.3904,0.708247787611,0.9998
chr2,60614443,-0.0014190936504318377,0.811,0.998623778502,0.9997
chr2,60614463,-0.001419065866463966,0.8084,0.998623778502,0.9997
chr2,60614483,-0.001419063281004277,0.8028,0.998623778502,0.9997
chr2,60614503,-0.0014190623018690593,0.8026,0.998623778502,0.9999
chr2,60614523,-0.001419061759379713,0.8042,0.998623778502,0.9999
chr2,60614543,-0.0014190614094109072,0.806,0.998623778502,1.0
chr2,60614563,-0.0014190611649303527,0.8062,0.998623778502,1.0
chr2,60614583,-0.0014190609847869057,0.8036,0.998623778502,1.0
chr2,60614603,-0.0014190608393037805,0.8022,0.998623778502,1.0
chr2,60614623,-0.001419060747525363,0.8,0.998623778502,1.0
chr2,60614643,-0.0014190606798978518,0.7976,0.998623778502,1.0
chr2,60614663,-0.0014190606254471587,0.7974,0.998623778502,1.0
chr2,60614683,-0.0014190605802416798,0.7992,0.998623778502,1.0
chr2,60614703,-0.0014190605432444245,0.7986,0.998623778502,1.0
chr2,60614723,-0.0014190605129698298,0.7998,0.998623778502,1.0
chr2,60614743,-0.001419060489180442,0.7996,0.998623778502,1.0
chr2,60666483,-0.011101840719328534,0.0262,0.138769230769,1.0
chr2,60666503,-0.011101840698530433,0.0262,0.138769230769,1.0
chr2,60666523,-0.011101840676170989,0.0262,0.138769230769,1.0
chr2,60666543,-0.011101840652381456,0.0262,0.138769230769,1.0
chr2,60666563,-0.011101840627579311,0.0264,0.138769230769,1.0
chr2,60666583,-0.011101840602086544,0.0264,0.138769230769,1.0
chr2,60666603,-0.011101840575800149,0.0254,0.138769230769,1.0
chr2,60666623,-0.011101840547954512,0.0246,0.138769230769,1.0
chr2,60666643,-0.011101840518191502,0.0234,0.134495327103,1.0
chr2,60666663,-0.01110184048641553,0.0224,0.131122641509,1.0
chr2,60666683,-0.011101840453058402,0.0214,0.125942583732,1.0
chr2,60666703,-0.011101840418526824,0.0198,0.11997044335,1.0
chr2,60666723,-0.011101840383287667,0.018,0.114715025907,1.0
chr2,60666743,-0.011101840347799196,0.0184,0.116061538462,1.0
chr2,60666763,-0.011101840312628099,0.0186,0.116724489796,1.0
chr2,60666783,-0.011101840278249694,0.0176,0.113340314136,1.0
chr2,60666803,-0.011101840244948747,0.0176,0.113340314136,1.0
chr2,60666823,-0.011101840213101493,0.016,0.107871657754,1.0
chr2,60666843,-0.011101840182976757,0.0178,0.11403125,1.0
chr2,60666863,-0.011101840154644318,0.0184,0.116061538462,1.0
chr2,60666883,-0.011101840128158718,0.02,0.120588235294,1.0
chr2,60666903,-0.011101840103603319,0.0226,0.131122641509,1.0
chr2,60666923,-0.011101840080635262,0.0256,0.138769230769,1.0
chr2,60666943,-0.011101840058829563,0.0298,0.154658227848,1.0
chr2,60666963,-0.01110184003699102,0.0358,0.181958677686,1.0
chr2,60666983,-0.011101840013208073,0.0418,0.202417322835,1.0
chr2,60667003,-0.011101839984337402,0.0508,0.229720588235,1.0
chr2,60667023,-0.011101839932869737,0.0588,0.24852739726,1.0
chr2,60667043,-0.005419138837048007,0.318,0.59443768997,1.0
chr2,60667063,0.0006205586146541709,0.8698,0.998623778502,1.0
chr2,60667083,0.0006205589200756385,0.8726,0.998623778502,1.0
chr2,60667103,0.0006205590604785845,0.8752,0.998623778502,0.9999
chr2,60667123,0.0006205591227259979,0.8764,0.998623778502,0.9999
chr2,60667143,0.000620559147680634,0.8782,0.998623778502,0.9999
chr2,60667163,0.0006205591621901064,0.8782,0.998623778502,0.9998
chr2,60667183,0.0006205591715428029,0.878,0.998623778502,0.9997
chr2,60672903,-0.0007533580838788174,0.9218,0.998623778502,0.9966
chr2,60672923,-0.0007533580819314359,0.9218,0.998623778502,0.9972
chr2,60672943,-0.000753358079794764,0.9218,0.998623778502,0.997
chr2,60672963,-0.0007533580774753099,0.9216,0.998623778502,0.9966
chr2,60672983,-0.0007533580749844536,0.9216,0.998623778502,0.9959
chr2,60673003,-0.0007533580723311872,0.9238,0.998623778502,0.9968
chr2,60673023,-0.0007533580695495669,0.9222,0.998623778502,0.998
chr2,60673043,-0.0007533580666758698,0.9182,0.998623778502,0.9988
chr2,60673063,-0.0007533580637337249,0.9188,0.998623778502,0.9992
chr2,60673083,-0.0007533580607485401,0.9228,0.998623778502,0.9997
chr2,60673103,-0.01524018195052666,0.0144,0.101211428571,0.9999
chr2,60673123,-0.015240181943254662,0.0118,0.0863928571429,1.0
chr2,60673143,-0.015240181935972933,0.0102,0.0779254658385,1.0
chr2,60673163,-0.015240181928752419,0.0098,0.0753375,1.0
chr2,60673183,-0.0152401819216603,0.0098,0.0753375,1.0
chr2,60673203,-0.015240181914778796,0.0098,0.0753375,1.0
chr2,60673223,-0.015240181908217887,0.0098,0.0753375,1.0
chr2,60673243,-0.015240181902032267,0.0098,0.0753375,1.0
chr2,60673263,-0.015240181896249285,0.0098,0.0753375,1.0
chr2,60673283,-0.01524018189085029,0.0098,0.0753375,1.0
chr2,60690443,0.005353725213219168,0.4374,0.743096685083,0.9959
chr2,60690463,0.00535372521639871,0.4372,0.743096685083,0.9964
chr2,60690483,0.0053537252247630295,0.437,0.743096685083,0.9957
chr2,60690503,0.0053537252400840535,0.4358,0.743096685083,0.9949
chr2,60690523,0.00535372526209036,0.4356,0.743096685083,0.9965
chr2,60690543,0.005353725293957808,0.4348,0.743096685083,0.9977
chr2,60690563,0.005353725340368085,0.4312,0.738685236769,0.9982
chr2,60690583,0.005353725409734426,0.4292,0.736284518828,0.999
chr2,60690603,0.005353725519077823,0.4286,0.736282122905,0.9997
chr2,60690623,0.0053537257082565005,0.4158,0.726152974504,0.9999
chr2,60690643,0.005353726091315127,0.4164,0.726152974504,0.9997
chr2,60690663,0.005353727199039347,0.4194,0.729649222065,0.9996
chr2,60690683,0.025109326923286115,0.0008,0.0111818181818,0.9993
chr2,60690703,0.03215002569781204,<0.0002,<0.05,0.9989
chr2,60690723,0.03215002574517724,<0.0002,<0.05,0.9989
chr2,60690743,0.03215002576210085,<0.0002,<0.05,0.9989
chr2,60690763,0.032150025771854725,<0.0002,<0.05,0.9992
chr2,60690783,0.03215002577915308,<0.0002,<0.05,0.9989
chr2,60700643,0.0004967050480483528,0.9396,0.998623778502,0.9804
chr2,60700663,0.0004967050447170607,0.9396,0.998623778502,0.9863
chr2,60700683,0.0004967050413742395,0.9396,0.998623778502,0.9905
chr2,60700703,0.0004967050380724452,0.9396,0.998623778502,0.9934
chr2,60700723,0.0004967050348644726,0.9394,0.998623778502,0.9941
chr2,60700743,0.0004967050318049211,0.9402,0.998623778502,0.9956
chr2,60700763,0.0004967050289015354,0.9402,0.998623778502,0.9956
chr2,60700783,0.0004967050261964957,0.9428,0.998623778502,0.9947
chr2,60700803,0.0004967050237262533,0.9404,0.998623778502,0.9934
chr2,60700823,0.0004967050215187361,0.9412,0.998623778502,0.9898
chr2,60700843,0.0004967050195935533,0.9428,0.998623778502,0.9816
chr2,60700863,0.0004967050179678342,0.9486,0.998623778502,0.9707
chr2,60700883,0.0004967050166507839,0.9474,0.998623778502,0.9488
chr2,60700903,0.0004967050156418594,0.946,0.998623778502,0.9151
chr2,60700923,0.0004967050149311078,0.946,0.998623778502,0.8686
chr2,60700943,0.0004967050145270661,0.9456,0.998623778502,0.7697
chr2,60700963,0.0004967050144871532,0.946,0.998623778502,0.6368
chr2,60700983,0.0004967050147595318,0.9458,0.998623778502,0.5066
chr2,60701003,0.0004967050153548215,0.9476,0.998623778502,0.3861
chr2,60701023,0.0004967050161764284,0.948,0.998623778502,0.2817
chr2,60717963,0.03806712021906463,<0.0002,<0.05,0.9871
chr2,60717983,0.03806712023153711,<0.0002,<0.05,0.9884
chr2,60718003,0.03806712024496355,<0.0002,<0.05,0.9899
chr2,60718023,0.03806712025927682,<0.0002,<0.05,0.9862
chr2,60718043,0.03806712027429128,<0.0002,<0.05,0.9897
chr2,60718063,0.038067120289895645,<0.0002,<0.05,0.9949
chr2,60718083,0.03806712030592979,<0.0002,<0.05,0.9957
chr2,60718103,0.038067120322227144,<0.0002,<0.05,0.9966
chr2,60718123,0.03806712033863569,<0.0002,<0.05,0.9977
chr2,60718143,0.038067120355001066,<0.0002,<0.05,0.9981
chr2,60718163,0.03806712037117007,<0.0002,<0.05,0.9989
chr2,60718183,0.03806712038699292,<0.0002,<0.05,0.999
chr2,60718203,0.03806712040232839,<0.0002,<0.05,0.9988
chr2,60718223,0.03806712041704842,<0.0002,<0.05,0.9988
chr2,60718243,0.03806712043104027,<0.0002,<0.05,0.9979
chr2,60718263,0.03806712044409873,<0.0002,<0.05,0.9956
chr2,60718283,0.03806712045612367,<0.0002,<0.05,0.9967
chr2,60718303,0.03806712046698277,<0.0002,<0.05,0.9961
chr2,60718323,0.03806712047668964,<0.0002,<0.05,0.9957
chr2,60718343,0.03806712048525621,<0.0002,<0.05,0.9935
chr2,60722183,0.061410891908367855,<0.0002,<0.05,0.9997
chr2,60722203,0.061410892003432416,<0.0002,<0.05,0.9998
chr2,60722223,0.07422103650381406,<0.0002,<0.05,0.9999
chr2,60722243,0.07422103690630152,<0.0002,<0.05,1.0
chr2,60722263,0.07422103718287765,<0.0002,<0.05,0.9999
chr2,60722283,0.07422103732790404,<0.0002,<0.05,0.9998
chr2,60722303,0.07422103742377832,<0.0002,<0.05,0.9998
chr2,60722323,0.07422103748821587,<0.0002,<0.05,0.9998
chr2,60722343,0.07422103753656865,<0.0002,<0.05,0.9999
chr2,60722363,0.07422103757296204,<0.0002,<0.05,0.9998
chr2,60722383,0.07422103760031416,<0.0002,<0.05,0.9998
chr2,60722403,0.07422103762063201,<0.0002,<0.05,0.9998
chr2,60722423,0.0742210376352685,<0.0002,<0.05,0.9999
chr2,60722443,0.07422103764513344,<0.0002,<0.05,0.9997
chr2,60722463,0.07422103765083556,<0.0002,<0.05,0.9993
chr2,60722483,0.07422103765215028,<0.0002,<0.05,0.9991
chr2,60722503,0.07422103764929566,<0.0002,<0.05,0.9994
chr2,60722523,0.07422103764251124,<0.0002,<0.05,0.9995
chr2,60722543,0.07422103763150019,<0.0002,<0.05,0.9995
chr2,60722563,0.0742210376164515,<0.0002,<0.05,0.9995
chr2,60722583,0.07422103759714987,<0.0002,<0.05,0.9995
chr2,60725243,0.07870297670565547,<0.0002,<0.05,1.0
chr2,60725263,0.0787029766818761,<0.0002,<0.05,1.0
chr2,60725283,0.07870297665257397,<0.0002,<0.05,1.0
chr2,60725303,0.07870297661736719,<0.0002,<0.05,1.0
chr2,60725323,0.07870297657662251,<0.0002,<0.05,1.0
chr2,60725343,0.07870297653047822,<0.0002,<0.05,1.0
chr2,60725363,0.07870297647813924,<0.0002,<0.05,1.0
chr2,60725383,0.07870297641994027,<0.0002,<0.05,1.0
chr2,60725403,0.07870297635574862,<0.0002,<0.05,1.0
chr2,60725423,0.07870297628443741,<0.0002,<0.05,1.0
chr2,60725443,0.07870297620489133,<0.0002,<0.05,1.0
chr2,60725463,0.07870297611752297,<0.0002,<0.05,1.0
chr2,60725483,0.0787029760219873,<0.0002,<0.05,1.0
chr2,60725503,0.07870297591557404,<0.0002,<0.05,1.0
chr2,60725523,0.07870297579391085,<0.0002,<0.05,1.0
chr2,60725543,0.07870297564191198,<0.0002,<0.05,1.0
chr2,60725563,0.07870297544230276,<0.0002,<0.05,1.0
chr2,60725583,0.0787029751636707,<0.0002,<0.05,1.0
chr2,60725603,0.07294855874403322,<0.0002,<0.05,1.0
chr2,60725623,0.07294855874797047,<0.0002,<0.05,1.0
chr2,60725643,0.07294855875103654,<0.0002,<0.05,1.0
chr2,60725663,0.057989323323453294,<0.0002,<0.05,1.0
chr2,60725683,0.057989323136826566,<0.0002,<0.05,1.0
chr2,60725703,0.05798932303477127,<0.0002,<0.05,1.0
chr2,60725723,0.05798932296180536,<0.0002,<0.05,1.0
chr2,60731303,-0.005474491135487355,0.3168,0.593844748858,1.0
chr2,60731323,-0.0054744911388288926,0.3168,0.593844748858,1.0
chr2,60731343,-0.005474491142414754,0.3166,0.593844748858,1.0
chr2,60731363,-0.005474491146229675,0.3172,0.593844748858,1.0
chr2,60731383,-0.005474491150223013,0.317,0.593844748858,1.0
chr2,60731403,-0.00547449115428294,0.3166,0.593844748858,1.0
chr2,60731423,-0.00547449115841218,0.3154,0.593844748858,1.0
chr2,60731443,-0.005474491162570703,0.3158,0.593844748858,1.0
chr2,60731463,-0.005474491166718625,0.316,0.593844748858,1.0
chr2,60731483,-0.005474491170815191,0.3234,0.596743628186,1.0
chr2,60731503,-0.005474491174821417,0.3306,0.608739520958,1.0
chr2,60731523,-0.0054744911787018395,0.3374,0.620331838565,1.0
chr2,60731543,-0.0035037734482160263,0.55,0.878571428571,1.0
chr2,60731563,-0.0035037720900989353,0.5606,0.885163498099,0.9999
chr2,60731583,-0.0035037710024588527,0.564,0.885163498099,0.9999
chr2,60731603,-0.0035037704765206313,0.5628,0.885163498099,1.0
chr2,60731623,-0.0035037701666775435,0.5636,0.885163498099,1.0
chr2,60731643,-0.0035037699681640883,0.5652,0.885163498099,1.0
chr2,60731663,-0.003503769825043209,0.5654,0.885163498099,1.0
chr2,60731683,-0.003503769718885783,0.5644,0.885163498099,1.0
chr2,60732963,-0.006586599040227491,0.264,0.520595541401,1.0
chr2,60732983,-0.0065865990558502865,0.264,0.520595541401,1.0
chr2,60733003,-0.0065865990727954704,0.2638,0.520595541401,1.0
chr2,60733023,-0.006586599091013695,0.2638,0.520595541401,1.0
chr2,60733043,-0.006586599110253827,0.2634,0.520595541401,1.0
chr2,60733063,-0.006586599130455088,0.262,0.520595541401,1.0
chr2,60733083,-0.006586599151475083,0.2604,0.520595541401,1.0
chr2,60733103,-0.006586599172892566,0.2624,0.520595541401,1.0
chr2,60733123,-0.0065865991946223055,0.259,0.520595541401,1.0
chr2,60733143,-0.006586599216509204,0.2554,0.520595541401,1.0
chr2,60733163,-0.006586599238407153,0.255,0.520595541401,1.0
chr2,60733183,-0.006586599260181985,0.2496,0.513391304348,1.0
chr2,60733203,-0.006586599281708253,0.2482,0.512224832215,1.0
chr2,60733223,-0.006586599302863133,0.2516,0.516641068447,1.0
chr2,60733243,-0.006586599323527022,0.2552,0.520595541401,1.0
chr2,60733263,-0.006586599343348949,0.2584,0.520595541401,1.0
chr2,60733283,-0.0065865993620673555,0.2632,0.520595541401,1.0
chr2,60733303,-0.006586599379550618,0.2652,0.520595541401,1.0
chr2,60733323,-0.0065865993958418734,0.2658,0.520595541401,1.0
chr2,60733343,-0.006586599410818006,0.2654,0.520595541401,1.0
chr2,60733363,-0.0065865994246727885,0.2654,0.520595541401,1.0
chr2,60743443,-0.010538364555228814,0.0742,0.273251497006,1.0
chr2,60743463,-0.010538364554956714,0.0742,0.273251497006,1.0
chr2,60743483,-0.010538364554643416,0.074,0.273251497006,1.0
chr2,60743503,-0.010538364554288783,0.074,0.273251497006,1.0
chr2,60743523,-0.010538364553892246,0.0736,0.273251497006,1.0
chr2,60743543,-0.010538364553453744,0.0734,0.273251497006,1.0
chr2,60743563,-0.01053836455297869,0.0734,0.273251497006,1.0
chr2,60743583,-0.010538364552473565,0.0732,0.273251497006,1.0
chr2,60743603,-0.010538364551942216,0.071,0.268707692308,1.0
chr2,60743623,-0.010538364551389276,0.069,0.262755417957,1.0
chr2,60743643,-0.010538364550819954,0.0668,0.261520504732,1.0
chr2,60743663,-0.01053836455023984,0.0646,0.259361022364,1.0
chr2,60743683,-0.010538364549654827,0.0674,0.261520504732,1.0
chr2,60743703,-0.010538364549070972,0.0704,0.267259259259,1.0
chr2,60743723,-0.010538364548494326,0.0734,0.273251497006,1.0
chr2,60743743,-0.01053836454793064,0.076,0.279044776119,1.0
chr2,60743763,-0.01053836454738547,0.0784,0.282046272494,1.0
chr2,60743783,-0.010538364546864683,0.0782,0.282046272494,1.0
chr2,60743803,-0.010538364546372496,0.0788,0.282046272494,1.0
chr2,60743823,-0.010538364545913247,0.0788,0.282046272494,1.0
chr2,60751183,0.01171762959376223,0.1102,0.324673031026,0.9915
chr2,60751203,0.011717629578633749,0.1102,0.324673031026,0.9955
chr2,60751223,0.011717629559277127,0.1102,0.324673031026,0.9959
chr2,60751243,0.011717629533659115,0.1102,0.324673031026,0.9955
chr2,60751263,0.01171762949826232,0.1106,0.324673031026,0.995
chr2,60751283,0.011717629446382926,0.111,0.325071428571,0.9964
chr2,60751303,0.01171762936260289,0.1104,0.324673031026,0.9978
chr2,60751323,0.011717629201452511,0.1082,0.323024271845,0.9984
chr2,60751343,0.011717628796146618,0.1092,0.324673031026,0.9991
chr2,60751363,0.01171762365175732,0.1052,0.3156,0.9991
chr2,60751383,0.004438653790342319,0.524,0.840312907432,0.9991
chr2,60751403,0.004438653799341909,0.515,0.832391590013,0.9994
chr2,60751423,0.00443865380777337,0.5186,0.83601310616,0.9994
chr2,60751443,0.004438653815639907,0.5126,0.831544736842,0.9995
chr2,60751463,0.004438653822980826,0.5116,0.831544736842,0.9992
chr2,60751483,0.004438653829735854,0.513,0.831544736842,0.9977
chr2,60751503,0.004438653835346795,0.5128,0.831544736842,0.9977
chr2,60751523,0.0044386538399540385,0.5126,0.831544736842,0.9977
chr2,60751543,0.004438653843688035,0.5122,0.831544736842,0.9978
chr2,60757683,0.007076923786928481,0.222,0.477403141361,0.9934
chr2,60757703,0.007076923786584349,0.222,0.477403141361,0.9973
chr2,60757723,0.0070769237864801975,0.222,0.477403141361,0.9981
chr2,60757743,0.007076923786666381,0.2208,0.477403141361,0.9986
chr2,60757763,0.007076923787195633,0.219,0.477403141361,0.9988
chr2,60757783,0.007076923787986489,0.2156,0.477403141361,0.9992
chr2,60757803,0.007076923789217727,0.2118,0.473661818182,0.9995
chr2,60757823,0.007076923790941666,0.2066,0.463718978102,0.9997
chr2,60757843,0.0070769237932086235,0.2018,0.454604395604,0.9998
chr2,60757863,0.007076923796090837,0.1976,0.445959633028,0.9999
chr2,60757883,0.00707692379963374,0.1894,0.431411111111,1.0
chr2,60757903,0.007076923803961865,0.183,0.429561068702,1.0
chr2,60757923,0.007076923809165253,0.179,0.421781609195,1.0
chr2,60757943,0.007076923815290287,0.1696,0.408234833659,1.0
chr2,60757963,0.007076923822457213,0.1632,0.394373280943,1.0
chr2,60757983,0.007076923830801919,0.16,0.389702970297,1.0
chr2,60758003,0.0070769238406330265,0.151,0.37370221328,1.0
chr2,60758023,0.00707692385211984,0.144,0.36,1.0
chr2,60758043,0.007076923865403746,0.1422,0.356951020408,1.0
chr2,60758063,0.007076923880675325,0.1392,0.356397540984,1.0
chr2,60758083,0.007076923899127685,0.1374,0.354301886792,1.0
chr2,60758103,0.007076923922438958,0.1352,0.354301886792,1.0
chr2,60758123,0.007076923955403422,0.1336,0.352933618844,1.0
chr2,60758143,0.0070769240136311215,0.1318,0.352933618844,1.0
chr2,60758163,0.007076924143289368,0.1318,0.352933618844,1.0
chr2,60758183,0.009065680839244286,0.059,0.24852739726,1.0
chr2,60758203,0.010832043101417277,0.0288,0.150101694915,1.0
chr2,60758223,0.010832043487393857,0.0304,0.157109243697,1.0
chr2,60758243,0.010832043700687558,0.0326,0.167075,1.0
chr2,60758263,0.010832043823715288,0.0362,0.183234567901,1.0
chr2,60758283,0.010832043911257765,0.0386,0.194581967213,1.0
chr2,60758303,0.010832043969949263,0.042,0.202588235294,1.0
chr2,60758323,0.010832044008484464,0.0464,0.220355212355,1.0
chr2,60758343,0.01083204403408169,0.0538,0.233830388693,0.9999
chr2,60758363,0.01083204405336463,0.0622,0.257595959596,0.9999
chr2,60758383,0.010832044066063723,0.0682,0.262755417957,0.9999
chr2,60758403,0.010832044074510987,0.077,0.281038575668,0.9997
chr2,60758423,0.012954052641598664,0.0464,0.220355212355,0.9997
chr2,60758443,0.012954052583773051,0.0492,0.22784501845,0.9994
chr2,60758463,0.012954052530710074,0.0526,0.232042553191,0.9994
chr2,60758483,0.012954052482567641,0.0562,0.243401408451,0.9992
chr2,60758503,0.01295405243934642,0.058,0.24852739726,0.9992
chr2,60758523,0.01295405240069229,0.059,0.24852739726,0.9991
chr2,60758543,0.012954052366362045,0.0584,0.24852739726,0.9985
chr2,60763883,0.014582348659926362,0.0868,0.282046272494,0.992
chr2,60763903,0.014582348660486034,0.0868,0.282046272494,0.9926
chr2,60763923,0.014582348661120738,0.0868,0.282046272494,0.994
chr2,60763943,0.014582348661822366,0.087,0.282046272494,0.9934
chr2,60763963,0.014582348662578593,0.0866,0.282046272494,0.9932
chr2,60763983,0.014582348663374852,0.087,0.282046272494,0.9952
chr2,60764003,0.014582348664161918,0.0882,0.282046272494,0.996
chr2,60764023,0.01458234866497767,0.0848,0.282046272494,0.9962
chr2,60764043,0.014582348665809966,0.0846,0.282046272494,0.9953
chr2,60764063,0.014582348666647893,0.0876,0.282046272494,0.9938
chr2,60764083,0.014582348667480947,0.0944,0.296961636829,0.99
chr2,60764103,0.01458234866829905,0.0968,0.302961832061,0.9848
chr2,60764123,0.014582348669092566,0.0998,0.307805970149,0.9756
chr2,60764143,0.014582348669851627,0.1064,0.318423357664,0.9602
chr2,60764163,0.014582348670564392,0.1128,0.329558194774,0.9344
chr2,60764183,0.014582348671183779,0.1168,0.330597285068,0.8943
chr2,60764203,0.014582348671752015,0.1162,0.330597285068,0.9176
chr2,60764223,0.014582348672308572,0.1164,0.330597285068,0.9194
chr2,60764243,0.01458234867284226,0.1168,0.330597285068,0.9025
chr2,60764263,0.0145823486733018,0.1172,0.330597285068,0.8564
chr2,60773103,-0.0013081986066433603,0.8438,0.998623778502,0.9994
chr2,60773123,-0.001308198606703388,0.8438,0.998623778502,0.9994
chr2,60773143,-0.0013081986067679892,0.8438,0.998623778502,0.9994
chr2,60773163,-0.0013081986068363,0.8438,0.998623778502,0.9998
chr2,60773183,-0.0013081986069083046,0.8438,0.998623778502,0.9998
chr2,60773203,-0.0013081986069830452,0.844,0.998623778502,0.9998
chr2,60773223,-0.001308198607059423,0.8434,0.998623778502,0.9998
chr2,60773243,-0.0013081986071362454,0.842,0.998623778502,0.9998
chr2,60773263,-0.001308198607212487,0.8398,0.998623778502,0.9998
chr2,60773283,-0.001308198607287266,0.8336,0.998623778502,1.0
chr2,60773303,-0.0013081986073597478,0.8392,0.998623778502,1.0
chr2,60773323,-0.0013081986074291196,0.8452,0.998623778502,1.0
chr2,60773343,-0.0013081986074947088,0.8434,0.998623778502,0.9999
chr2,60773363,-0.001308198607555884,0.8418,0.998623778502,1.0
chr2,60773383,-0.0013081986076120212,0.8424,0.998623778502,0.9997
chr2,60773403,-0.0013081986076625748,0.8422,0.998623778502,0.9995
chr2,60773423,-0.0013081986077063657,0.8424,0.998623778502,0.9994
chr2,60777423,-0.01647563786133016,0.0052,0.0460143884892,1.0
chr2,60777443,-0.016475637860989153,0.0052,0.0460143884892,1.0
chr2,60777463,-0.01647563786041041,0.0052,0.0460143884892,1.0
chr2,60777483,-0.016475637859531527,0.0052,0.0460143884892,1.0
chr2,60777503,-0.016475637858338648,0.0052,0.0460143884892,1.0
chr2,60777523,-0.01647563785681096,0.0052,0.0460143884892,1.0
chr2,60777543,-0.016475637854906022,0.0052,0.0460143884892,1.0
chr2,60777563,-0.01647563785260093,0.0044,0.044203125,1.0
chr2,60777583,-0.016475637849843867,0.0046,0.044203125,1.0
chr2,60777603,-0.016475637846586448,0.0038,0.042880733945,1.0
chr2,60777623,-0.01647563784279076,0.0046,0.044203125,1.0
chr2,60777643,-0.01647563783844381,0.0054,0.0474428571429,1.0
chr2,60777663,-0.016475637833571876,0.0062,0.0537042253521,1.0
chr2,60777683,-0.016475637828238063,0.0074,0.0632083333333,1.0
chr2,60777703,-0.016475637822561867,0.0082,0.0667947019868,1.0
chr2,60777723,-0.016475637816618403,0.008,0.0660402684564,1.0
chr2,60777743,-0.0164756378105383,0.008,0.0660402684564,1.0
chr2,60777763,-0.01647563780449351,0.008,0.0660402684564,1.0
chr2,60777783,-0.016475637798994167,0.008,0.0660402684564,1.0
chr2,60777803,-0.01647563779407119,0.008,0.0660402684564,1.0
chr2,60780563,0.026833297567497996,0.0018,0.0212884615385,0.9962
chr2,60780583,0.026833297562238918,0.0018,0.0212884615385,0.9975
chr2,60780603,0.02683329755650736,0.0018,0.0212884615385,0.9981
chr2,60780623,0.02683329755035493,0.0018,0.0212884615385,0.9984
chr2,60780643,0.026833297543843247,0.0018,0.0212884615385,0.999
chr2,60780663,0.026833297537040564,0.0018,0.0212884615385,0.9989
chr2,60780683,0.026833297530028468,0.0016,0.0200816326531,0.9992
chr2,60780703,0.02683329752288312,0.0016,0.0200816326531,0.9996
chr2,60780723,0.02683329751565786,0.001,0.0132258064516,0.9999
chr2,60780743,0.026833297508397348,0.0008,0.0111818181818,0.9999
chr2,60780763,0.02683329750113092,0.0006,0.00878571428571,1.0
chr2,60780783,0.02683329749386162,0.0004,0.006,1.0
chr2,60780803,0.0268332974865489,0.0002,0.003075,1.0
chr2,60780823,0.02683329747907792,0.0002,0.003075,1.0
chr2,60780843,0.026833297471208065,<0.0002,<0.05,0.9999
chr2,60780863,0.02472284327240202,0.0002,0.003075,0.9998
chr2,60780883,0.023617283423794287,0.0002,0.003075,0.9997
chr2,60780903,0.02361728313537098,<0.0002,<0.05,0.9997
chr2,60780923,0.023617282992832136,<0.0002,<0.05,0.9997
chr2,60780943,0.006636725765979888,0.1392,0.356397540984,0.9998
chr2,60780963,0.006636725611186023,0.1374,0.354301886792,0.9999
chr2,60780983,0.006636725504482588,0.1352,0.354301886792,0.9996
chr2,60781003,0.006636725426770455,0.128,0.349866666667,0.9991
chr2,60781023,0.006636725367593125,0.1244,0.342859060403,0.998
chr2,60781043,0.006636725320349303,0.1246,0.342859060403,0.9953
chr2,60781063,0.006636725280462005,0.126,0.3459375,0.9893
chr2,60781083,0.006636725250328456,0.1214,0.33555505618,0.9889
chr2,60781103,0.006636725226181311,0.1204,0.333540540541,0.9917
chr2,60781123,0.0066367252063670844,0.1196,0.332072234763,0.997
chr2,60781143,0.00663672518856371,0.1188,0.330597285068,0.9986
chr2,60781163,0.006636725172215231,0.1182,0.330597285068,0.9994
chr2,60781183,0.006636725155939158,0.1172,0.330597285068,0.9998
chr2,60781203,0.006636725139297742,0.1164,0.330597285068,0.9999
chr2,60781223,0.006636725120883029,0.1158,0.330597285068,0.9999
chr2,60781243,0.006636725099740356,0.1174,0.330597285068,1.0
chr2,60781263,0.006636725072765477,0.1178,0.330597285068,1.0
chr2,60781283,0.006636725036889574,0.1154,0.330597285068,1.0
chr2,60781303,0.005691029697788979,0.1742,0.411731285988,1.0
chr2,60781323,0.0056910277537165,0.1736,0.411731285988,1.0
chr2,60781343,0.005691027298748383,0.1734,0.411731285988,1.0
chr2,60781363,0.005691027106324389,0.174,0.411731285988,1.0
chr2,60781383,0.005691027001212762,0.1738,0.411731285988,1.0
chr2,60781403,0.00569102693456008,0.1742,0.411731285988,1.0
chr2,60781423,0.00569102688807804,0.1744,0.411731285988,1.0
chr2,60781443,0.005691026853387257,0.1738,0.411731285988,1.0
chr2,60781463,0.005691026826182602,0.1742,0.411731285988,1.0
chr2,60781483,-0.0004367759687638896,0.9278,0.998623778502,1.0
chr2,60781503,-0.0004367759521990919,0.9342,0.998623778502,1.0
chr2,60781523,-0.0004367759343329096,0.9302,0.998623778502,1.0
chr2,60781543,-0.0004367759151817736,0.9278,0.998623778502,1.0
chr2,60781563,-0.0004367758948048627,0.9246,0.998623778502,1.0
chr2,60781583,-0.0004367758732657575,0.9288,0.998623778502,1.0
chr2,60781603,-0.0004367758506565,0.932,0.998623778502,1.0
chr2,60781623,-0.00043677582706578953,0.932,0.998623778502,1.0
chr2,60781643,-0.0004367758025794031,0.9324,0.998623778502,1.0
chr2,60781663,-0.0004367757772821495,0.9346,0.998623778502,0.9996
chr2,60781683,-0.000436775751236215,0.9318,0.998623778502,0.9949
chr2,60781703,-0.0004367757245307004,0.934,0.998623778502,0.9513
chr2,60781723,-0.00043677569727099775,0.934,0.998623778502,0.7167
chr2,60781743,-0.0004367756695240924,0.9344,0.998623778502,0.4322
chr2,60781763,-0.0004367756413579578,0.9368,0.998623778502,0.2628
chr2,60781783,-0.0004367756128338339,0.939,0.998623778502,0.1673
chr2,60781803,-0.0004367755840034952,0.9406,0.998623778502,0.114
chr2,60781823,-0.00043677555492042323,0.939,0.998623778502,0.078
chr2,60781843,-0.0004367755256376471,0.9396,0.998623778502,0.0526
chr2,60781863,-0.00043677549621062693,0.9412,0.998623778502,0.0487
chr2,60781883,-0.00043677546669717367,0.9404,0.998623778502,0.0495
chr2,60781903,-0.0004367754371988589,0.938,0.998623778502,0.0547
chr2,60781923,-0.0004367754077956056,0.9326,0.998623778502,0.0772
chr2,60781943,-0.0004367753785397533,0.9316,0.998623778502,0.1085
chr2,60781963,-0.00043677534949882135,0.9324,0.998623778502,0.2001
chr2,60781983,-0.00043677532069374633,0.9334,0.998623778502,0.3496
chr2,60782003,-0.0004367752921833158,0.9368,0.998623778502,0.4716
chr2,60782023,-0.0004367752640067961,0.9378,0.998623778502,0.6233
chr2,60782043,-0.00043677523620380877,0.9382,0.998623778502,0.9156
chr2,60782063,-0.00043677520884017994,0.9398,0.998623778502,0.9836
chr2,60782083,-0.0004367751819583682,0.9404,0.998623778502,0.9974
chr2,60782103,-0.00043677515559723966,0.94,0.998623778502,0.9994
chr2,60782123,-0.0004367751298244861,0.941,0.998623778502,1.0
chr2,60782143,-0.0004367751047073957,0.9398,0.998623778502,1.0
chr2,60782163,-0.0004367750803229919,0.9412,0.998623778502,1.0
chr2,60782183,-0.00043677505673446373,0.9424,0.998623778502,1.0
chr2,60782203,-0.0004367750340211425,0.9428,0.998623778502,1.0
chr2,60782223,-0.0004367750122317657,0.9428,0.998623778502,1.0
chr2,60782243,-0.0004367749914181488,0.9428,0.998623778502,1.0
chr2,60782263,-0.0004367749716414191,0.9412,0.998623778502,1.0
chr2,60782283,-0.0004367749529542756,0.9424,0.998623778502,1.0
chr2,60782303,-0.00043677493538667807,0.9454,0.998623778502,1.0
chr2,60782323,-0.0004367749189605725,0.9464,0.998623778502,1.0
chr2,60782343,-0.0004367749036894476,0.9452,0.998623778502,1.0
chr2,60782363,-0.004025432227332798,0.3922,0.71046539028,1.0
chr2,60782383,-0.004025432217746219,0.3962,0.712180758017,1.0
chr2,60782403,-0.004025432208859344,0.3994,0.714182080925,1.0
chr2,60782423,-0.0040254322008281464,0.4024,0.714216450216,1.0
chr2,60782443,-0.004025432193745912,0.4,0.714182080925,1.0
chr2,60782463,-0.004025432187567136,0.4008,0.714182080925,1.0
chr2,60782483,-0.0040254321823369405,0.401,0.714182080925,1.0
chr2,60782503,-0.004025432177942081,0.4016,0.714182080925,1.0
chr2,60782523,-0.004025432173731481,0.4018,0.714182080925,1.0
chr2,60784223,0.010489545268624532,0.0654,0.259361022364,0.9996
chr2,60784243,0.010489545273050729,0.0654,0.259361022364,0.9997
chr2,60784263,0.010489545279457505,0.0654,0.259361022364,0.9999
chr2,60784283,0.010489545288846418,0.0654,0.259361022364,0.9998
chr2,60784303,0.010489545303688364,0.0654,0.259361022364,0.9999
chr2,60784323,0.010489545331002189,0.0656,0.259361022364,0.9999
chr2,60784343,0.01048954538768615,0.0654,0.259361022364,0.9999
chr2,60784363,0.010489545563753703,0.066,0.259361022364,0.9999
chr2,60784383,0.010489545915135623,0.0652,0.259361022364,1.0
chr2,60784403,0.01637007518961598,0.0062,0.0537042253521,1.0
chr2,60784423,0.016370075436147966,0.0068,0.0584895104895,1.0
chr2,60784443,0.01637007551989581,0.0082,0.0667947019868,1.0
chr2,60784463,0.01637007555549983,0.0096,0.0753375,1.0
chr2,60784483,0.01637007557589479,0.0098,0.0753375,0.9998
chr2,60784503,0.016370075589785246,0.0108,0.0795449101796,0.9997
chr2,60784523,0.01637007560007256,0.0106,0.0785421686747,0.9986
chr2,60784543,0.016370075608077902,0.0106,0.0785421686747,0.9981
chr2,60784563,0.01637007561467153,0.0106,0.0785421686747,0.9977
chr2,60784583,0.016370075620295525,0.0106,0.0785421686747,0.9976
chr2,60784603,0.0163700756252306,0.0106,0.0785421686747,0.9971
chr2,60787883,0.010449589348635633,0.0892,0.282046272494,0.9993
chr2,60787903,0.010449589343991766,0.0892,0.282046272494,0.9993
chr2,60787923,0.010449589339012714,0.0892,0.282046272494,0.9995
chr2,60787943,0.010449589333613622,0.089,0.282046272494,0.9995
chr2,60787963,0.010449589327565454,0.0876,0.282046272494,0.9995
chr2,60787983,0.010449589320289358,0.087,0.282046272494,0.9994
chr2,60788003,0.010449589311036183,0.0842,0.282046272494,0.9996
chr2,60788023,0.01044958929895671,0.0842,0.282046272494,0.9997
chr2,60788043,0.01044958928049186,0.083,0.282046272494,0.9998
chr2,60788063,0.006230277213573117,0.2766,0.536411302983,0.9998
chr2,60788083,0.0062302772151427025,0.2778,0.536411302983,0.9998
chr2,60788103,0.006230277216683636,0.2804,0.5405830721,1.0
chr2,60788123,-0.015511860418247049,0.0196,0.11997044335,1.0
chr2,60788143,-0.015511860520107086,0.0194,0.119909547739,0.9998
chr2,60788163,-0.01551186055377116,0.0194,0.119909547739,0.9995
chr2,60788183,-0.015511860570819517,0.0198,0.11997044335,0.9997
chr2,60788203,-0.015511860579531436,0.0198,0.11997044335,0.9998
chr2,60788223,-0.015511860583720212,0.0208,0.123,0.9998
chr2,60788243,-0.015511860585700494,0.0208,0.123,0.9998
chr2,60788263,-0.015511860586468787,0.0208,0.123,0.9998
chr2,60788283,-0.015511860586445034,0.0208,0.123,0.9997
chr2,60792543,0.0010792048979128826,0.8658,0.998623778502,0.9973
chr2,60792563,0.0010792048803328494,0.8658,0.998623778502,0.9978
chr2,60792583,0.0010792048580025514,0.866,0.998623778502,0.9983
chr2,60792603,0.0010792048289673904,0.8658,0.998623778502,0.9983
chr2,60792623,0.0010792047899374998,0.866,0.998623778502,0.9985
chr2,60792643,0.0010792047371885353,0.8642,0.998623778502,0.9986
chr2,60792663,0.0010792046561754816,0.8598,0.998623778502,0.9985
chr2,60792683,0.0010792045344624058,0.855,0.998623778502,0.9977
chr2,60792703,0.001079204314760745,0.852,0.998623778502,0.9982
chr2,60792723,0.0010792039907794226,0.8474,0.998623778502,0.9989
chr2,60792743,0.0010792036029464032,0.8386,0.998623778502,0.9993
chr2,60792763,0.001079203268388929,0.835,0.998623778502,0.9998
chr2,60792783,0.001079203034288164,0.8318,0.998623778502,0.9999
chr2,60792803,0.0010792028787686779,0.8312,0.998623778502,0.9998
chr2,60792823,0.0010792027741779457,0.835,0.998623778502,0.9998
chr2,60792843,0.0010792027012675408,0.837,0.998623778502,0.9998
chr2,60792863,0.0010792026553050702,0.8376,0.998623778502,0.9999
chr2,60792883,0.0010792026238504336,0.8394,0.998623778502,1.0
chr2,60792903,0.0010792026010545176,0.8404,0.998623778502,1.0
chr2,60792923,0.0010792025832417123,0.839,0.998623778502,1.0
chr2,60792943,0.0010792025690729724,0.8392,0.998623778502,1.0
chr2,60792963,0.0010792025576384437,0.8394,0.998623778502,0.9999
chr2,60792983,0.0010792025483261367,0.8404,0.998623778502,0.9999
chr2,60808883,-0.019537736943290685,0.0046,0.044203125,0.9999
chr2,60808903,-0.019537736941867122,0.0046,0.044203125,0.9999
chr2,60808923,-0.01953773693982734,0.0044,0.044203125,0.9999
chr2,60808943,-0.019537736937125006,0.0044,0.044203125,0.9999
chr2,60808963,-0.01953773693362123,0.004,0.044203125,0.9999
chr2,60808983,-0.019537736929258618,0.0034,0.0387222222222,0.9999
chr2,60809003,-0.01953773692396256,0.0032,0.036785046729,1.0
chr2,60809023,-0.01953773691780993,0.0022,0.0257714285714,1.0
chr2,60809043,-0.019537736910883167,0.0024,0.0278490566038,1.0
chr2,60809063,-0.01953773690318613,0.0014,0.0179375,1.0
chr2,60809083,-0.019537736894745698,0.0008,0.0111818181818,1.0
chr2,60809103,-0.009848571766112955,0.051,0.22978021978,1.0
chr2,60809123,-0.009848571763885497,0.049,0.22784501845,0.9999
chr2,60809143,-0.009848571761661323,0.0486,0.22784501845,0.9999
chr2,60809163,-0.009848571759462967,0.05,0.22784501845,0.9999
chr2,60809183,-0.009848571757316111,0.0518,0.231687272727,0.9999
chr2,60809203,-0.009848571755247813,0.0524,0.232042553191,1.0
chr2,60809223,-0.00984857175327278,0.0528,0.232042553191,1.0
chr2,60809243,-0.009848571751408956,0.0532,0.232042553191,1.0
chr2,60809263,-0.00984857174966816,0.0532,0.232042553191,0.9999
chr2,60809283,-0.009848571748069145,0.0532,0.232042553191,0.9998
chr2,60816283,0.0034143003211315388,0.638,0.941230215827,0.9957
chr2,60816303,0.0034143003159203995,0.638,0.941230215827,0.9978
chr2,60816323,0.0034143003104953355,0.638,0.941230215827,0.9986
chr2,60816343,0.00341430030490959,0.638,0.941230215827,0.9991
chr2,60816363,0.0034143002992216183,0.638,0.941230215827,0.9995
chr2,60816383,0.003414300293493575,0.6382,0.941230215827,0.9995
chr2,60816403,0.0028787738879958256,0.69,0.984284393064,0.9995
chr2,60816423,0.00287877393548051,0.6894,0.984284393064,0.9999
chr2,60816443,0.0028787739825598974,0.6922,0.984284393064,0.9999
chr2,60816463,0.0028787740286699407,0.6922,0.984284393064,0.9995
chr2,60816483,0.0028787740732959324,0.6922,0.984284393064,0.9993
chr2,60816503,0.0028787741159902857,0.6922,0.984284393064,0.9988
chr2,60816523,0.0028787741563851763,0.6922,0.984284393064,0.9977
chr2,60816543,0.002878774194193306,0.6922,0.984284393064,0.995
chr2,60823563,0.002608246995257472,0.6608,0.948693115519,0.999
chr2,60823583,0.0026082469928697272,0.6608,0.948693115519,0.999
chr2,60823603,0.0026082469897778715,0.6608,0.948693115519,0.9991
chr2,60823623,0.002608246985817345,0.661,0.948693115519,0.999
chr2,60823643,0.002608246981121169,0.661,0.948693115519,0.9986
chr2,60823663,0.002608246975894918,0.6596,0.948693115519,0.9991
chr2,60823683,0.002608246970172329,0.6588,0.948693115519,0.9995
chr2,60823703,0.0026082469639897633,0.6596,0.948693115519,0.9997
chr2,60823723,0.002608246957396021,0.6546,0.948693115519,0.9998
chr2,60823743,0.002608246950449862,0.653,0.948693115519,0.9999
chr2,60823763,0.0026082469432022228,0.651,0.948693115519,0.9999
chr2,60823783,0.0026082469357309565,0.6562,0.948693115519,1.0
chr2,60823803,0.0026082469281453933,0.653,0.948693115519,1.0
chr2,60823823,0.0026082469205678887,0.6534,0.948693115519,0.9997
chr2,60823843,0.0026082469131339233,0.6566,0.948693115519,0.9996
chr2,60823863,0.0026082469059501285,0.6572,0.948693115519,0.9997
chr2,60823883,0.0026082468989746055,0.657,0.948693115519,1.0
chr2,60823903,0.0026082468923811935,0.6572,0.948693115519,0.9998
chr2,60823923,0.002608246886205369,0.6574,0.948693115519,0.9997
chr2,60855123,-0.005348939111900858,0.4246,0.730430769231,0.999
chr2,60855143,-0.005348939111153135,0.4244,0.730430769231,0.999
chr2,60855163,-0.00534893911027626,0.4246,0.730430769231,0.999
chr2,60855183,-0.005348939109313219,0.4244,0.730430769231,0.999
chr2,60855203,-0.005348939108269929,0.4244,0.730430769231,0.9986
chr2,60855223,-0.005348939107154547,0.424,0.730430769231,0.9983
chr2,60855243,-0.0053489391059858915,0.4228,0.730430769231,0.999
chr2,60855263,-0.005348939104782695,0.4218,0.730430769231,0.9992
chr2,60855283,-0.0053489391035673696,0.4168,0.726152974504,0.9996
chr2,60855303,-0.005348939102364238,0.4124,0.726152974504,0.9999
chr2,60855323,-0.005348939101199292,0.4086,0.72313381295,0.9999
chr2,60855343,-0.005348939100098357,0.4092,0.723155172414,0.9999
chr2,60855363,-0.0053489390990804795,0.4064,0.720276657061,0.9999
chr2,60855383,-0.00534893909815707,0.4114,0.726,0.9998
chr2,60855403,-0.005348939097332348,0.4158,0.726152974504,0.9998
chr2,60855423,-0.005348939096592272,0.4134,0.726152974504,0.9998
chr2,60855443,-0.0053489390959377305,0.414,0.726152974504,0.9998
chr2,60855463,-0.005348939095410382,0.4138,0.726152974504,0.9998
chr2,60855483,-0.005348939095012226,0.4148,0.726152974504,0.9998
chr2,60869463,0.012918838905524543,0.1326,0.352933618844,0.9314
chr2,60869483,0.012918838905817541,0.1326,0.352933618844,0.9573
chr2,60869503,0.012918838906117586,0.1326,0.352933618844,0.971
chr2,60869523,0.012918838906421197,0.1326,0.352933618844,0.9847
chr2,60869543,0.012918838906720366,0.1324,0.352933618844,0.9886
chr2,60869563,0.012918838907017739,0.132,0.352933618844,0.992
chr2,60869583,0.012918838907309415,0.129,0.351818181818,0.9941
chr2,60869603,0.012918838907591646,0.1276,0.349550111359,0.9955
chr2,60869623,0.004605040180510588,0.5586,0.885163498099,0.9963
chr2,60869643,0.0046050401844846146,0.5566,0.885163498099,0.9972
chr2,60869663,0.004605040188503523,0.5544,0.884451361868,0.9973
chr2,60869683,0.004605040192527728,0.5572,0.885163498099,0.9968
chr2,60869703,0.004605040196517019,0.562,0.885163498099,0.9947
chr2,60869723,0.004605040200431959,0.565,0.885163498099,0.9918
chr2,60869743,0.004605040204235293,0.5678,0.885163498099,0.9875
chr2,60869763,0.004605040207876359,0.5676,0.885163498099,0.9716
chr2,60869783,0.004605040211314054,0.5678,0.885163498099,0.9548
chr2,60869803,0.004605040214528972,0.5678,0.885163498099,0.9052
chr2,60901683,-0.01209530078541155,0.0258,0.138769230769,1.0
chr2,60901703,-0.012095300783887937,0.0258,0.138769230769,1.0
chr2,60901723,-0.012095300782444253,0.0258,0.138769230769,1.0
chr2,60901743,-0.012095300781114975,0.0258,0.138769230769,1.0
chr2,60901763,-0.012095300779940563,0.0258,0.138769230769,1.0
chr2,60901783,-0.012095300778691616,0.0258,0.138769230769,1.0
chr2,60901803,-0.012095300777331616,0.0256,0.138769230769,1.0
chr2,60901823,-0.01209530077588203,0.0252,0.138769230769,1.0
chr2,60901843,-0.012095300774382124,0.0244,0.138769230769,1.0
chr2,60901863,-0.012095300772886244,0.0256,0.138769230769,1.0
chr2,60901883,-0.012095300771467133,0.0288,0.150101694915,1.0
chr2,60901903,-0.012095300770206284,0.0328,0.167402489627,1.0
chr2,60901923,-0.012095300769191518,0.0422,0.2027578125,0.9998
chr2,60901943,-0.012095300768496953,0.052,0.231739130435,0.9993
chr2,60901963,-0.012095300768171875,0.058,0.24852739726,0.9981
chr2,60901983,-0.01209530076817783,0.059,0.24852739726,0.9984
chr2,60902003,-0.012095300768386384,0.0602,0.251837288136,0.9986
chr2,60902023,-0.01209530076914499,0.0604,0.251837288136,0.9983
chr2,60902043,-0.012095300770443141,0.0604,0.251837288136,0.9979
chr2,60904223,-0.0013536033540806878,0.837,0.998623778502,0.9998
chr2,60904243,-0.001353603328672009,0.837,0.998623778502,0.9998
chr2,60904263,-0.0013536033012822638,0.837,0.998623778502,1.0
chr2,60904283,-0.0013536032720986482,0.837,0.998623778502,1.0
chr2,60904303,-0.0013536032413943846,0.8372,0.998623778502,1.0
chr2,60904323,-0.0013536032095291571,0.8378,0.998623778502,1.0
chr2,60904343,-0.0013536031769351819,0.8384,0.998623778502,1.0
chr2,60904363,-0.0013536031440828256,0.8372,0.998623778502,1.0
chr2,60904383,-0.0013536031114411958,0.8406,0.998623778502,0.9998
chr2,60904403,-0.001353603079442496,0.8418,0.998623778502,0.9999
chr2,60904423,-0.0013536030484532992,0.8442,0.998623778502,0.9998
chr2,60904443,-0.0013536030187694796,0.846,0.998623778502,0.9998
chr2,60904463,-0.0013536029906245695,0.8456,0.998623778502,0.9997
chr2,60904483,-0.001353602964196671,0.8454,0.998623778502,0.9993
chr2,60904503,-0.0013536029396179667,0.8454,0.998623778502,0.9986
chr2,60934843,0.007613929595292165,0.3232,0.596743628186,0.9956
chr2,60934863,0.007613929598119742,0.3232,0.596743628186,0.9963
chr2,60934883,0.007613929601110973,0.3232,0.596743628186,0.9954
chr2,60934903,0.007613929604249544,0.3236,0.596743628186,0.9946
chr2,60934923,0.0076139296074941975,0.3234,0.596743628186,0.9961
chr2,60934943,0.0076139296108064984,0.3228,0.596743628186,0.997
chr2,60934963,0.007613929614153697,0.3222,0.596743628186,0.9974
chr2,60934983,0.007613929617501754,0.3188,0.595028831563,0.9981
chr2,60935003,0.007613929620816048,0.3148,0.593844748858,0.9981
chr2,60935023,0.00761392962406298,0.3172,0.593844748858,0.9986
chr2,60935043,0.007613929627208631,0.3118,0.593674922601,0.9981
chr2,60935063,0.007613929630222192,0.3098,0.590781395349,0.9979
chr2,60935083,0.00761392963307819,0.3064,0.58902484472,0.9969
chr2,60935103,0.0076139296357581685,0.3084,0.58902484472,0.9963
chr2,60935123,0.007613929638250168,0.3082,0.58902484472,0.9932
chr2,60935143,0.00761392964051513,0.3078,0.58902484472,0.993
chr2,60935163,0.007613929642516777,0.308,0.58902484472,0.9941
chr2,60935183,0.007613929644279004,0.308,0.58902484472,0.9944
